title,mp3_url,pdf_url
1. Вопросы,https://russianpodcast.eu/wa_files/1__20questions.mp3,https://russianpodcast.eu/wa_files/1_Questions.pdf
2. Семья,https://russianpodcast.eu/wa_files/2_family.mp3,https://russianpodcast.eu/wa_files/2_20Family.pdf
3. Знакомство,https://russianpodcast.eu/wa_files/3__20Meeting_20people.mp3,https://russianpodcast.eu/wa_files/3__20Meeting_20people.pdf
4. Делаем уборку,https://russianpodcast.eu/wa_files/4_Cleaning_your_flat.mp3,https://russianpodcast.eu/wa_files/4__20house.pdf
5. Идеальная девушка,https://russianpodcast.eu/wa_files/5_Looks_and_personalities.mp3,https://russianpodcast.eu/wa_files/5_Looks_and_personalities.pdf
6. Готовим русские блины,https://russianpodcast.eu/wa_files/6_Making_Russian_pancakes.mp3,https://russianpodcast.eu/wa_files/6_Making_Russian_pancakes.pdf
7. Распродажа,https://russianpodcast.eu/wa_files/7__20shopping.mp3,https://russianpodcast.eu/wa_files/7__20Shopping.pdf
8. Резервируем отель,https://russianpodcast.eu/wa_files/8_Hotel_Reservation.mp3,https://russianpodcast.eu/wa_files/8_Hotel_Reservation.pdf
9. В ресторане,https://russianpodcast.eu/wa_files/9_Restaurant.mp3,https://russianpodcast.eu/wa_files/9_Restaurant.pdf
10. В зоопарке,https://russianpodcast.eu/wa_files/10_Going_to_the_zoo.mp3,https://russianpodcast.eu/wa_files/10_Going_to_the_zoo.pdf
11. Спорт,https://russianpodcast.eu/wa_files/11__20Sport.mp3,https://russianpodcast.eu/wa_files/11__20Sport.pdf
12. Я тебя люблю,https://russianpodcast.eu/wa_files/12_St-Valentine_27s_20day.mp3,https://russianpodcast.eu/wa_files/12__20St-Valentine_27s_20Day.pdf
13. В кино,https://russianpodcast.eu/wa_files/13_Cinema.mp3,https://russianpodcast.eu/wa_files/13__20Cinema.pdf
14. Мне так стыдно,https://russianpodcast.eu/wa_files/14__20Apologizing.mp3,https://russianpodcast.eu/wa_files/14__20Apologizing.pdf
15. В книжном магазине,https://russianpodcast.eu/wa_files/15__20Buying_20books.mp3,https://russianpodcast.eu/wa_files/15__20Buying_20books.pdf
16. Москва,https://russianpodcast.eu/wa_files/16__20Moscow.mp3,https://russianpodcast.eu/wa_files/16__20Moscow.pdf
17. Как вылечить болезнь?,https://russianpodcast.eu/wa_files/17__20Our_20body.mp3,https://russianpodcast.eu/wa_files/17__20Our_20body.pdf
18. Музыка,https://russianpodcast.eu/wa_files/18__20Music.mp3,https://russianpodcast.eu/wa_files/18__20Music.pdf
19. Театр,https://russianpodcast.eu/wa_files/19__20Going_20to_20the_20theatre.mp3,https://russianpodcast.eu/wa_files/19__20Theatre.pdf
20. Изучаем иностранный язык,https://russianpodcast.eu/wa_files/20_Learning_foreign_language.mp3,https://russianpodcast.eu/wa_files/20_Learning_foreign_language.pdf
21. Говорим о работе,https://russianpodcast.eu/wa_files/21__20Speaking_20about_20your_20job.mp3,https://russianpodcast.eu/wa_files/21__20Talking_20about_20your_20job_28general_29.pdf
22. Потерялся!,https://russianpodcast.eu/wa_files/22_20Explaining_20the_20way.mp3,https://russianpodcast.eu/wa_files/22__20Explaining_20the_20way.pdf
23. Говорим о фотоаппарате,https://russianpodcast.eu/wa_files/23__20Taking_20pictures.mp3,https://russianpodcast.eu/wa_files/23__20Taking_20pictures.pdf
24. Пишем открытку,https://russianpodcast.eu/wa_files/24__20Writing_20a_20postcard.mp3,https://russianpodcast.eu/wa_files/24__20Writing_20a_20postcard.pdf
25. Готовимся к экзамену,https://russianpodcast.eu/wa_files/25__20Preparing_20an_20exam.mp3,https://russianpodcast.eu/wa_files/25__20Preparing_20an_20exam.pdf
26. Покупаем одежду,https://russianpodcast.eu/wa_files/26__20Buying_20clothes.mp3,https://russianpodcast.eu/wa_files/26__20Buying_20clothes.pdf
27. В аптеке,https://russianpodcast.eu/wa_files/27__20Going_20to_20the_20drugstore.mp3,https://russianpodcast.eu/wa_files/27__20Going_20to_20the_20drugstore.pdf
28. В кафе Петербурга,https://russianpodcast.eu/wa_files/28__20Saint_20Peterburg.mp3,https://russianpodcast.eu/wa_files/28__20Saint_20Petersburg.pdf
29. Нервный пассажир,https://russianpodcast.eu/wa_files/29__20At_20the_20airport.mp3,https://russianpodcast.eu/wa_files/29__20At_20the_20airport.pdf
30. Деловой договор,https://russianpodcast.eu/wa_files/30__20Signing_20a_20business_20contract.mp3,https://russianpodcast.eu/wa_files/30__20Signing_20a_20business_20contract.pdf
31. Путешествуем на поезде,https://russianpodcast.eu/wa_files/31__20Buying_20train_20tickets.mp3,https://russianpodcast.eu/wa_files/31__20Buying_20train_20tickets.pdf
32. Александр Пушкин,https://russianpodcast.eu/wa_files/32__20Alexandre_20Pouchkine.mp3,https://russianpodcast.eu/wa_files/32__20Alexandre_20Pouchkine.pdf
33. Интервью с Кристиной: au pair,https://russianpodcast.eu/wa_files/33__20Interview_20with_20Kristina.mp3,https://russianpodcast.eu/wa_files/33__20Interview_20with_20Kristina.pdf
34. Интервью с бабушкой – КГБ,https://russianpodcast.eu/wa_files/34__20Interview_20with_20Tatiana_27s_20babuchka.mp3,https://russianpodcast.eu/wa_files/34__20Interview_20with_20babuchka.pdf
35. Интервью с Алиной – Владивосток,https://russianpodcast.eu/wa_files/35__20Interview_20with_20Alina.mp3,https://russianpodcast.eu/wa_files/35__20Interview_20with_20Alina.pdf
36. Поговорим о праздниках,https://russianpodcast.eu/wa_files/36__20Russian_20Holidays.mp3,https://russianpodcast.eu/wa_files/36__20Russian_20Holidays.pdf
"37. Северодвинск, северное сияние, белые ночи",https://russianpodcast.eu/wa_files/37__20Interview_20with_20Svetlana_Severodvinsk_Northen_20Lights.mp3,https://russianpodcast.eu/wa_files/37__20Interview_20with_20Svetlana.pdf
38. Глаголы движения,https://russianpodcast.eu/wa_files/38__20Mouvement_20verbs.mp3,https://russianpodcast.eu/wa_files/38__20Mouvement_20verbs.pdf
39. Идём к парикмахеру,https://russianpodcast.eu/wa_files/39__20Going_20to_20the_20hairdresser_20.mp3,https://russianpodcast.eu/wa_files/39__20Going_20to_20the_20hairdresser.pdf
40. Какая религия лучше?,https://russianpodcast.eu/wa_files/40__20Religion.mp3,https://russianpodcast.eu/wa_files/40__20Religion.pdf
41. Покупаем машину,https://russianpodcast.eu/wa_files/41__20Buying_20a_20car.mp3,https://russianpodcast.eu/wa_files/41__20Buying_20a_20car.pdf
42. Помогите!,https://russianpodcast.eu/wa_files/42__20Help_20me_21.mp3,https://russianpodcast.eu/wa_files/42__20Help_20me_21.pdf
43. Сидим в интернете,https://russianpodcast.eu/wa_files/43__20Surfing_20the_20Internet.mp3,https://russianpodcast.eu/wa_files/43__20Surfing_20the_20Internet.pdf
44. Школа в России,https://russianpodcast.eu/wa_files/44__20Russian_20School.mp3,https://russianpodcast.eu/wa_files/44__20Russian_20School.pdf
45. Вежливо отказываемся,https://russianpodcast.eu/wa_files/45__20Turning_20down_20politely.mp3,https://russianpodcast.eu/wa_files/45__20Turning_20down_20politely.pdf
46. Рождество и Новый Год в России,https://russianpodcast.eu/wa_files/46__20Russian_20Christmas_20and_20New_20Year.mp3,https://russianpodcast.eu/wa_files/46__20Russian_20Christmas.pdf
47. Осмотр у врача,https://russianpodcast.eu/wa_files/47__20Going_20to_20the_20doctor_27s.mp3,https://russianpodcast.eu/wa_files/47__20Going_20to_20the_20doctor_27s.pdf
48. Правительство Российской Федерации,https://russianpodcast.eu/wa_files/48__20Russian_20Government.mp3,https://russianpodcast.eu/wa_files/48__Russian_20Government.pdf
49. Неопределённые местоимения,https://russianpodcast.eu/wa_files/49__20Indefinite_20Pronouns.mp3,https://russianpodcast.eu/wa_files/49__20Indefinite_20Pronouns.pdf
50. Чебурашка,https://russianpodcast.eu/wa_files/50__20Cheburashka_21.mp3,https://russianpodcast.eu/wa_files/50__20Cheburashka_21.pdf
51. Свадьба,https://russianpodcast.eu/wa_files/51__20Russian_20wedding.mp3,https://russianpodcast.eu/wa_files/51__20Wedding.pdf
52. Русская еда,https://russianpodcast.eu/wa_files/52__20Russian_20food.mp3,https://russianpodcast.eu/wa_files/52__20Russian_20food.pdf
53. Угрожаем,https://russianpodcast.eu/wa_files/53__20Threats.mp3,https://russianpodcast.eu/wa_files/53__20Threats.pdf
54. Стереотипы о России,https://russianpodcast.eu/wa_files/54__20Stereotypes_20about_20Russia.mp3,https://russianpodcast.eu/wa_files/54__20Stereotypes_20about_20Russia.pdf
55. У ювелира,https://russianpodcast.eu/wa_files/55__20Jeweller.mp3,https://russianpodcast.eu/wa_files/55__20Jeweller.pdf
56. Население России,https://russianpodcast.eu/wa_files/56__20Population_20of_20Russia.mp3,https://russianpodcast.eu/wa_files/56__20Population_20of_20Russia.pdf
57. Описываем вкус еды,https://russianpodcast.eu/wa_files/57__20Describing_20food_20taste.mp3,https://russianpodcast.eu/wa_files/57__20Describing_20food_20taste.pdf
58. Озеро Байкал,https://russianpodcast.eu/wa_files/58__20Lake_20Baikal.mp3,https://russianpodcast.eu/wa_files/58__20Lake_20Baikal.pdf
59. Заказываем гида,https://russianpodcast.eu/wa_files/59__20Asking_20for_20a_20tour_20guide.mp3,https://russianpodcast.eu/wa_files/59__20Asking_20for_20a_tour_20guide.pdf
60. Русская дача,https://russianpodcast.eu/wa_files/60__20Russian_20Dacha.mp3,https://russianpodcast.eu/wa_files/60__20Russian_20Dacha.pdf
61. Смотрим квартиру,https://russianpodcast.eu/wa_files/61__20Looking_20for_20a_20flat.mp3,https://russianpodcast.eu/wa_files/61__Looking_for_a_flat.pdf
62. Русские суеверия,https://russianpodcast.eu/wa_files/62__20Russian_20Superstitions.mp3,https://russianpodcast.eu/wa_files/62__20Russian_20Superstitions.pdf
63. Идём в цирк,https://russianpodcast.eu/wa_files/63__20Going_20to_20Circus.mp3,https://russianpodcast.eu/wa_files/63__20Going_20to_20the_20circus.pdf
64. Русский алфавит,https://russianpodcast.eu/wa_files/64__20Russian_20alphabet.mp3,https://russianpodcast.eu/wa_files/64__20Russian_20alphabet.pdf
65. Говорим о футболе,https://russianpodcast.eu/wa_files/65__20Talking_20about_20football.mp3,https://russianpodcast.eu/wa_files/65__20Talking_20about_20football.pdf
66. Волга,https://russianpodcast.eu/wa_files/66__20Volga.mp3,https://russianpodcast.eu/wa_files/66__20Volga.pdf
67. На пляже,https://russianpodcast.eu/wa_files/67__20On_20the_20beach.mp3,https://russianpodcast.eu/wa_files/67__20On_20the_20beach.pdf
68. Третьяковская Галерея,https://russianpodcast.eu/wa_files/68__20Tretyakov_20Gallery.mp3,https://russianpodcast.eu/wa_files/68__20Tretyakov_20Gallery.pdf
69. Покупаем очки,https://russianpodcast.eu/wa_files/69__20Buying_20glasses.mp3,https://russianpodcast.eu/wa_files/69__20Buying_20glasses.pdf
70. Антон Чехов,https://russianpodcast.eu/wa_files/70__Anton_Chekhov.mp3,https://russianpodcast.eu/wa_files/70__20Anton_20Chekhov.pdf
71. На почте,https://russianpodcast.eu/wa_files/71__20At_20the_20post_20office.mp3,https://russianpodcast.eu/wa_files/71__20At_20the_20post_20office.pdf
72. Жизнь студентов в СССР 1,https://russianpodcast.eu/wa_files/72__20Interview_20with_20Svetlana_20Part_201.mp3,https://russianpodcast.eu/wa_files/72__20Interview_20with_20Svetlana_20Part_201.pdf
73. Жизнь студентов в СССР 2,https://russianpodcast.eu/wa_files/73__20Interview_20with_20Svetlana_20Part_202.mp3,https://russianpodcast.eu/wa_files/73__20Interview_20with_20Svetlana_20Part_202.pdf
74. Святой Георгий,https://russianpodcast.eu/wa_files/74__20Saint_20George.mp3,https://russianpodcast.eu/wa_files/74__20Saint_20George.pdf
75. Лев Толстой,https://russianpodcast.eu/wa_files/75_Leo_20Tolstoy.mp3,https://russianpodcast.eu/wa_files/75__20Leo_20Tolstoy.pdf
76. Интервью с Эммой – Казаки 1,https://russianpodcast.eu/wa_files/76__20Interview_20with_20Emma_20PART_201.mp3,https://russianpodcast.eu/wa_files/76__20Interview_20with_20Emma_201.pdf
77. Интервью с Эммой – Казаки 2,https://russianpodcast.eu/wa_files/77__20Interview_20with_20Emma_20PART_202.mp3,https://russianpodcast.eu/wa_files/77__20_20Interview_20with_20Emma_202.pdf
78. Михаил Лермонтов,https://russianpodcast.eu/wa_files/78__20Mikhail_20Lermontov.mp3,https://russianpodcast.eu/wa_files/78__20Mikhail_20Lermontov.pdf
79. В лес за грибами,https://russianpodcast.eu/wa_files/79__20Mushrooms.mp3,https://russianpodcast.eu/wa_files/79__20Mushrooms.pdf
80. Русская баня,https://russianpodcast.eu/wa_files/80__20Russian_20Bania_21.mp3,https://russianpodcast.eu/wa_files/80__20Russian_20Bania_21.pdf
81. Виды оплаты,https://russianpodcast.eu/wa_files/81__20Ways_20to_20pay.mp3,https://russianpodcast.eu/wa_files/81__20Ways_20to_20pay.pdf
82. Советские фильмы о любви,https://russianpodcast.eu/wa_files/82__20Soviet_20Romance_20Movies.mp3,https://russianpodcast.eu/wa_files/82__20Soviet_20Romance_20Movies.pdf
83. У зубного врача,https://russianpodcast.eu/wa_files/83__20At_20the_20dentist_27s.mp3,https://russianpodcast.eu/wa_files/83__20At_20the_20dentist_27s.pdf
84. Рабочий день,https://russianpodcast.eu/wa_files/84__20Working_20day.mp3,https://russianpodcast.eu/wa_files/84__20Working_20day.pdf
85. Домашние животные,https://russianpodcast.eu/wa_files/85__20Domesticated_20animals.mp3,https://russianpodcast.eu/wa_files/85__20Domesticated_20animals.pdf
86. Пикник,https://russianpodcast.eu/wa_files/86__20Picnic.mp3,https://russianpodcast.eu/wa_files/86__20Picnic.pdf
87. Пряности и специи,https://russianpodcast.eu/wa_files/87__20Spices.mp3,https://russianpodcast.eu/wa_files/87__20Spices.pdf
88. С днём рождения!,https://russianpodcast.eu/wa_files/88__20Happy_20birthday_21.mp3,https://russianpodcast.eu/wa_files/88__20Happy_20birthday_21.pdf
89. Слушаем радио,https://russianpodcast.eu/wa_files/89__20Radio.mp3,https://russianpodcast.eu/wa_files/89__20Radio.pdf
90. Северный Кавказ,https://russianpodcast.eu/wa_files/90__20North_20Caucasus.mp3,https://russianpodcast.eu/wa_files/90__20North_20Caucasus.pdf
91. Интервью с Мариной – Украина 1,https://russianpodcast.eu/wa_files/91__20Interview_20with_20Marina_201.mp3,https://russianpodcast.eu/wa_files/91__20Interviw_20with_20Maryna_201.pdf
92. Интервью с Мариной – Украина 2,https://russianpodcast.eu/wa_files/92__20Interview_20with_20Maryna_202.mp3,https://russianpodcast.eu/wa_files/92__20Interview_20with_20Maryna_20II.pdf
93. Интервью с Алекси – Дагестан 1,https://russianpodcast.eu/wa_files/93__20Interview_20with_20Alexis_20I.mp3,https://russianpodcast.eu/wa_files/93__20Interview_20with_20Alexis_20I.pdf
94. Интервью с Алекси – Дагестан 2,https://russianpodcast.eu/wa_files/94__20Interview_20with_20Alexis_20II.mp3,https://russianpodcast.eu/wa_files/94__20Interview_20with_20Alexis_20II.pdf
95. Интервью с Люсьяной – Армения 1,https://russianpodcast.eu/wa_files/95__20Interview_20with_20Lussiana_20I.mp3,https://russianpodcast.eu/wa_files/95__20Interview_20with_20Lussiana_20I.pdf
96. Интервью с Люсьяной – Армения 2,https://russianpodcast.eu/wa_files/96__20Interview_20with_20Lussiana_20II.mp3,https://russianpodcast.eu/wa_files/96__20Interview_20with_20Lussiana_20II.pdf
97. Интервью с Аликом – Грузия 1,https://russianpodcast.eu/wa_files/97__20Interview_20with_20Alik_20I.mp3,https://russianpodcast.eu/wa_files/97__20Interview_20with_20Alik_20I.pdf
98. Интервью с Аликом – Грузия 2,https://russianpodcast.eu/wa_files/98__20Interview_20with_20Alik_20II.mp3,https://russianpodcast.eu/wa_files/98__20Interview_20with_20Alik_20II.pdf
99. Покупаем женскую обувь,https://russianpodcast.eu/wa_files/99__20Buying_20women_27s_20shoes.mp3,https://russianpodcast.eu/wa_files/99__20Buying_20women_27s_20shoes.pdf
100. Вопросы – Ответы с Татьяной,https://russianpodcast.eu/wa_files/100__20Russian_20Language_20Podcast_20N_C2_B0100.mp3,https://russianpodcast.eu/wa_files/100__20Russian_20Language_20Podcast_20N_C2_B0100_21.pdf
101. Катюша (песня),https://russianpodcast.eu/wa_files/101__20Katiousha.mp3,https://russianpodcast.eu/wa_files/101__20Katiousha.pdf
102. Канцтовары,https://russianpodcast.eu/wa_files/102__20Stationery.mp3,https://russianpodcast.eu/wa_files/102__20Stationery.pdf
103. Покупаем SIM–карту,https://russianpodcast.eu/wa_files/103__20Buying_20a_20SIM_20card.mp3,https://russianpodcast.eu/wa_files/103__20Buying_20a_20SIM_20card.pdf
104. Торгуемся,https://russianpodcast.eu/wa_files/104__20Haggling_20in_20Russian.mp3,https://russianpodcast.eu/wa_files/104__20Haggling_20in_20Russian.pdf
105. Говорим о времени,https://russianpodcast.eu/wa_files/105__20Talking_20about_20time.mp3,https://russianpodcast.eu/wa_files/105__20Talking_20about_20time.pdf
106. Песня крокодила Гены,https://russianpodcast.eu/wa_files/106__20Crocodil_20Gena_27s_20Song.mp3,https://russianpodcast.eu/wa_files/106__20Crocodile_20Gena_27s_20Song.pdf
107. Стоим в очереди,https://russianpodcast.eu/wa_files/107_Standing_in_line.mp3,https://russianpodcast.eu/wa_files/107__20Standing_20in_20line.pdf
108. Откуда Вы?,https://russianpodcast.eu/wa_files/108__20Where_20are_20you_20from.mp3,https://russianpodcast.eu/wa_files/108__20Where_20are_20you_20from.pdf
109. Недовольный клиент,https://russianpodcast.eu/wa_files/109__20Addressing_20an_20angry_20client.mp3,https://russianpodcast.eu/wa_files/109__20Addressing_20an_20angry_20client.pdf
110. Интервью с Марией – Литва 1,https://russianpodcast.eu/wa_files/110__20Interview_20with_20Marija_20Lithuania_201.mp3,https://russianpodcast.eu/wa_files/110__20Interview_20with_20Marija_20Lithuania.pdf
111. Интервью с Марией – Литва 2,https://russianpodcast.eu/wa_files/111__20Interview_20with_20Marija_20Lithuania_202.mp3,https://russianpodcast.eu/wa_files/111__20Interview_20with_20Marija_20Lithuania_202.pdf
112. Живопись,https://russianpodcast.eu/wa_files/112__20Talking_20about_20painting.mp3,https://russianpodcast.eu/wa_files/112__20Talking_20about_20painting.pdf
113. Сидим с детьми,https://russianpodcast.eu/wa_files/113__20Baby-sitting.mp3,https://russianpodcast.eu/wa_files/113__20Baby-sitting.pdf
114. Просыпайся!,https://russianpodcast.eu/wa_files/114__20Wake_20up_21.mp3,https://russianpodcast.eu/wa_files/114__20Wake_20up_21.pdf
115. Неудачный флирт,https://russianpodcast.eu/wa_files/115__20Flirting_20in_20Russian.mp3,https://russianpodcast.eu/wa_files/115__20Flirting.pdf
116. Пить или не пить?,https://russianpodcast.eu/wa_files/116__20Getting_20drunk.mp3,https://russianpodcast.eu/wa_files/116__20Getting_20drunk.pdf
117. Голосуем,https://russianpodcast.eu/wa_files/117__20Voting.mp3,https://russianpodcast.eu/wa_files/117__20Voting.pdf
118. Играем в шахматы,https://russianpodcast.eu/wa_files/118__20Playing_20chess.mp3,https://russianpodcast.eu/wa_files/118__20Playing_20chess.pdf
119. Вызываем пожарных,https://russianpodcast.eu/wa_files/119__20Calling_20Fire_20Brigade.mp3,https://russianpodcast.eu/wa_files/119__20Calling_20Fire_20Brigade.pdf
120. Гагарин – Выступление перед стартом 1,https://russianpodcast.eu/wa_files/120__20Yuri_20Gagarin_27s_20Speech_201.mp3,https://russianpodcast.eu/wa_files/120__20Gagarin_27s_20Spech_201.pdf
121. Гагарин – Выступление перед стартом 2,https://russianpodcast.eu/wa_files/121__20Yuri_20Gagarin_27s_20speech_202.mp3,https://russianpodcast.eu/wa_files/121__20Yuri_20Gagarin_27s_20speech_202.pdf
122. Юрий Левитан : Объявление о начале войны,https://russianpodcast.eu/wa_files/122__20Levitan_20The_20Beginning_20of_20the_20War.mp3,https://russianpodcast.eu/wa_files/122__20Levitan_20The_20Beginning_20of_20the_20War.pdf
123. Юрий Левитан : Объявление о конце войны,https://russianpodcast.eu/wa_files/123__20Yuri_20Levitan_20End_20of_20the_20War.mp3,https://russianpodcast.eu/wa_files/123__20Yuri_20Levitan_20End_20of_20the_20War.pdf
124. Ленин: Что такое Советская власть? 1,https://russianpodcast.eu/wa_files/124__20Vladimir_20Lenin_20What_20is_20soviet_20power_201.mp3,https://russianpodcast.eu/wa_files/124__20Vladimir_20Lenin_20What_20is_20Soviet_20Power.pdf
125. Ленин: Что такое Советская власть? 2,https://russianpodcast.eu/wa_files/125__20Vladimir_20Lenin_20What_20is_20Soviet_20Power_202.mp3,https://russianpodcast.eu/wa_files/125__20Vladimir_20Lenin_20What_20is_20Soviet_20Power_202.pdf
126. Борис Ельцин изучает русский язык,https://russianpodcast.eu/wa_files/126__20Boris_20Yeltsine_20studying_20English.mp3,https://russianpodcast.eu/wa_files/126__20Boris_20Yeltsin_20studying_20_20English.pdf
127. В баре,https://russianpodcast.eu/wa_files/127__20In_20the_20bar.mp3,https://russianpodcast.eu/wa_files/127__20In_20the_20bar.pdf
128. Говорим о долгах,https://russianpodcast.eu/wa_files/128__20Talking_20about_20debts.mp3,https://russianpodcast.eu/wa_files/128__20Talking_20about_20debts.pdf
129. Ткани,https://russianpodcast.eu/wa_files/129__20Fabrics.mp3,https://russianpodcast.eu/wa_files/129__20Fabrics.pdf
130. Описываем вора,https://russianpodcast.eu/wa_files/130__20Describing_20a_20thief.mp3,https://russianpodcast.eu/wa_files/130__20Describing_20a_20thief.pdf
131. Математические операции,https://russianpodcast.eu/wa_files/131__20Maths.mp3,https://russianpodcast.eu/wa_files/131__20Maths.pdf
132. В магазине косметики,https://russianpodcast.eu/wa_files/132__20Cosmetics.mp3,https://russianpodcast.eu/wa_files/132__20Cosmetics.pdf
133. Русские песни о любви 1,https://russianpodcast.eu/wa_files/133__20Russian_20Love_20Songs_201.mp3,https://russianpodcast.eu/wa_files/133__20Russian_20Love_20Songs_201.pdf
134. Русские песни о любви 2,https://russianpodcast.eu/wa_files/134__20Russian_20Love_20Songs_202.mp3,https://russianpodcast.eu/wa_files/134__20Russian_20Love_20Songs_202.pdf
135. Русские песни о любви 3,https://russianpodcast.eu/wa_files/135__20Russian_20Love_20Songs_203.mp3,https://russianpodcast.eu/wa_files/135__20Russian_20Love_20Songs_203.pdf
136. Русские песни о любви 4,https://russianpodcast.eu/wa_files/136__20Russian_20Love_20Songs_204.mp3,https://russianpodcast.eu/wa_files/136__20Russian_20Love_20Songs_204.pdf
137. Русские песни о любви 5,https://russianpodcast.eu/wa_files/137__20Russian_20Love_20Songs_205.mp3,https://russianpodcast.eu/wa_files/137__20Russian_20Love_20Songs_205.pdf
138. Рыбалка,https://russianpodcast.eu/wa_files/138__20Fishing.mp3,https://russianpodcast.eu/wa_files/138__20Fishing.pdf
139. Столовые приборы,https://russianpodcast.eu/wa_files/139__20Cutlery.mp3,https://russianpodcast.eu/wa_files/139__20Cutlery.pdf
140. Описываем лицо,https://russianpodcast.eu/wa_files/140__20Describing_20a_20face.mp3,https://russianpodcast.eu/wa_files/140__20Describing_20a_20face.pdf
141. Описываем небо,https://russianpodcast.eu/wa_files/141__20Describing_20the_20sky.mp3,https://russianpodcast.eu/wa_files/141__20Describing_20the_20sky.pdf
142. Это круто,https://russianpodcast.eu/wa_files/142__20Informal_20Russian_201_20COOL_21.mp3,https://russianpodcast.eu/wa_files/142__20Informal_20Russian_201_20Happy_20words.pdf
143. Отстой,https://russianpodcast.eu/wa_files/143__20Informal_20Russian_202_20RUBBISH_21.mp3,https://russianpodcast.eu/wa_files/143__20Informal_20Russian_202_20RUBBISH_21.pdf
144. Крутой чувак,https://russianpodcast.eu/wa_files/144__20Informal_20Russian_203.mp3,https://russianpodcast.eu/wa_files/144__20Informal_20Russian_203.pdf
145. Команды для собаки,https://russianpodcast.eu/wa_files/145__20Canine_20Instruction.mp3,https://russianpodcast.eu/wa_files/145__20Canine_20Instructions.pdf
146. В хлебном отделе,https://russianpodcast.eu/wa_files/146__20In_20the_20bakery.mp3,https://russianpodcast.eu/wa_files/146__20In_20the_20bakery.pdf
147. В кондитерской,https://russianpodcast.eu/wa_files/147__20In_20the_20pastry_20shop.mp3,https://russianpodcast.eu/wa_files/147__20In_20the_20pastry_20shop.pdf
148. В магазине игрушек,https://russianpodcast.eu/wa_files/148__20Buying_20toys.mp3,https://russianpodcast.eu/wa_files/148__20Buying_20toys.pdf
149. Соболезнования по случаю смерти,https://russianpodcast.eu/wa_files/149__20Giving_20condolences.mp3,https://russianpodcast.eu/wa_files/149__20Giving_20condolences.pdf
150. На балете,https://russianpodcast.eu/wa_files/150__20At_20the_20ballet.mp3,https://russianpodcast.eu/wa_files/150__20At_20the_20ballet.pdf
151. Урок химии,https://russianpodcast.eu/wa_files/151__20Chemistry_20lesson.mp3,https://russianpodcast.eu/wa_files/151__20Chemistry_20lesson.pdf
152. Знаки препинания,https://russianpodcast.eu/wa_files/152__20Punctuation.mp3,https://russianpodcast.eu/wa_files/152__20Punctuation.pdf
153. Забыла ключи!,https://russianpodcast.eu/wa_files/153__20Forgot_20my_20keys_21.mp3,https://russianpodcast.eu/wa_files/153__20Forgot_20my_20keys_21.pdf
154. Шашлыки,https://russianpodcast.eu/wa_files/154__20Having_20a_20barbecue.mp3,https://russianpodcast.eu/wa_files/154__20Having_20a_20barbecue.pdf
155. Числа,https://russianpodcast.eu/wa_files/155__20Numbers_20in_20Russian.mp3,https://russianpodcast.eu/wa_files/155__20Numbers_20in_20Russian.pdf
156. Развод,https://russianpodcast.eu/wa_files/156__20Divorce.mp3,https://russianpodcast.eu/wa_files/156__20Divorce.pdf
157. Беременность,https://russianpodcast.eu/wa_files/157__20Pregnancy.mp3,https://russianpodcast.eu/wa_files/157__20Pregnancy.pdf
158. Россия в 1990–х 1,https://russianpodcast.eu/wa_files/158__20Russia_20in_201990s_201.mp3,https://russianpodcast.eu/wa_files/158__20Russia_20in_201990s.pdf
159. Россия в 1990–х 2,https://russianpodcast.eu/wa_files/159__20Russia_20in_201990-2.mp3,https://russianpodcast.eu/wa_files/159__20Russia_20in_201990-2.pdf
160. Россия в 1990–х 3,https://russianpodcast.eu/wa_files/160__20Russia_20in_201990s_203.mp3,https://russianpodcast.eu/wa_files/160__20Russia_20in_201990s_203.pdf
161. Олимпийский подкаст 1,https://russianpodcast.eu/wa_files/161__20Olympic_20Podcast_201.mp3,https://russianpodcast.eu/wa_files/161__20Olympic_20Podcast_201.pdf
162. Олимпийский подкаст 2,https://russianpodcast.eu/wa_files/162__20Olympic_20Podcast_202.mp3,https://russianpodcast.eu/wa_files/162__20Olympic_20Podcast_202.pdf
163. Играем в карты,https://russianpodcast.eu/wa_files/163__20Playing_20cards.mp3,https://russianpodcast.eu/wa_files/163__20Playing_20cards.pdf
164. Мифические существа,https://russianpodcast.eu/wa_files/164__20Mythical_20creatures.mp3,https://russianpodcast.eu/wa_files/164__20Mythical_20creatures.pdf
165. Грамматика,https://russianpodcast.eu/wa_files/165__20Grammar_20terms.mp3,https://russianpodcast.eu/wa_files/165__20Grammar_20terms.pdf
166. Пасха,https://russianpodcast.eu/wa_files/166__20Russian_20Easter.mp3,https://russianpodcast.eu/wa_files/166__20Easter.pdf
167. Социальные сети,https://russianpodcast.eu/wa_files/167__20Social_20Networks.mp3,https://russianpodcast.eu/wa_files/167__20Social_20networks.pdf
168. Санкции,https://russianpodcast.eu/wa_files/168__20Talking_20about_20sanctions.mp3,https://russianpodcast.eu/wa_files/168__20Talking_20about_20sanctions.pdf
169. Травмы,https://russianpodcast.eu/wa_files/169__20Injuries.mp3,https://russianpodcast.eu/wa_files/169__20Injuries.pdf
170. Ласковые слова,https://russianpodcast.eu/wa_files/170__20Sweet_20words.mp3,https://russianpodcast.eu/wa_files/170__20Sweet_20words.pdf
171. Романовы 1,https://russianpodcast.eu/wa_files/171__20Romanovs_201_20Mikhail_20Fyodorovich.mp3,https://russianpodcast.eu/wa_files/171__20Romanovs_201_20Mikhail_20Fyodorovich.pdf
172. Романовы 2,https://russianpodcast.eu/wa_files/172__20Peter_20the_20Great.mp3,https://russianpodcast.eu/wa_files/172__20Romanovs_202_20Peter_20the_20Great.pdf
173. Романовы 3,https://russianpodcast.eu/wa_files/173__20Romanovs_203_20Elizabeth_20of_20Russia.mp3,https://russianpodcast.eu/wa_files/173__20Romanovs_203.pdf
174. Романовы 4,https://russianpodcast.eu/wa_files/174__20Romanovs_204_20Catherine_20the_20Great.mp3,https://russianpodcast.eu/wa_files/174__20Romanovs_204_20Catherine_20the_20Great.pdf
175. Романовы 5,https://russianpodcast.eu/wa_files/175__20Romanovs_205_20Alexander_20I.mp3,https://russianpodcast.eu/wa_files/175__20Romanovs_205_20_20Alexandre_20I.pdf
176. Романовы 6,https://russianpodcast.eu/wa_files/176__20Romanovs_206_20Nicolas_20II.mp3,https://russianpodcast.eu/wa_files/176__20Romanovs_206_20Nicolas_20II.pdf
177. Есть закурить?,https://russianpodcast.eu/wa_files/177__20Smoking.mp3,https://russianpodcast.eu/wa_files/177__20Smoking.pdf
"178. А может, договоримся?",https://russianpodcast.eu/wa_files/178__20Bribing.mp3,https://russianpodcast.eu/wa_files/178__20Bribing.pdf
179. Подростки,https://russianpodcast.eu/wa_files/179__20Teenagers.mp3,https://russianpodcast.eu/wa_files/179__20Teenagers.pdf
180. Говорим о кризисе,https://russianpodcast.eu/wa_files/180__20Talking_20about_20crisis.mp3,https://russianpodcast.eu/wa_files/180__20Talking_20about_20Crisis.pdf
181. Вегетарианство / Веганство,https://russianpodcast.eu/wa_files/181__20Being_20vegetarian_20or_20vegan.mp3,https://russianpodcast.eu/wa_files/181__20Being_20vegetarian_20or_20vegan.pdf
182. Виза в Россию,https://russianpodcast.eu/wa_files/182__20Russian_20Visa.mp3,https://russianpodcast.eu/wa_files/182__20Russian_20Visa.pdf
183. Украшаем новогоднюю ёлку,https://russianpodcast.eu/wa_files/183__20Decorating_20a_20Christmas_20Tree.mp3,https://russianpodcast.eu/wa_files/183__20Decorating_20a_20Christmas_20Tree.pdf
184. Йога,https://russianpodcast.eu/wa_files/184_Yoga.mp3,https://russianpodcast.eu/wa_files/184_Yoga.pdf
185. Части дома,https://russianpodcast.eu/wa_files/185__20Parts_20of_20the_20House.mp3,https://russianpodcast.eu/wa_files/185__20Parts_20of_20the_20house.pdf
186. Ты мне льстишь,https://russianpodcast.eu/wa_files/186__20Flattering.mp3,https://russianpodcast.eu/wa_files/186__20Flattering.pdf
187. Говорим о феминизме,https://russianpodcast.eu/wa_files/187__20Feminine_20or_20Feminist.mp3,https://russianpodcast.eu/wa_files/187__20Feminine_20of_20Feminist.pdf
188. Как выжить на необитаемом острове?,https://russianpodcast.eu/wa_files/188__20Surviving_20on_20a_20desert_20island.mp3,https://russianpodcast.eu/wa_files/188__20Surviving_20on_20a_20desert_20island.pdf
189. Кто разбил вазу?,https://russianpodcast.eu/wa_files/189__20Who_20broke_20the_20vase.mp3,https://russianpodcast.eu/wa_files/189__20Who_20broke_20the_20vase.pdf
190. Мой сын – холостяк,https://russianpodcast.eu/wa_files/190__20My_20son_20is_20still_20a_20bachelor_21.mp3,https://russianpodcast.eu/wa_files/190__20My_20son_20is_20still_20a_20bachelor_21.pdf
191. В космосе,https://russianpodcast.eu/wa_files/191__20In_20the_20space.mp3,https://russianpodcast.eu/wa_files/191__20In_20the_20space.pdf
192. Вечеринка,https://russianpodcast.eu/wa_files/192__20Party_21.mp3,https://russianpodcast.eu/wa_files/192__20Party_21.pdf
193. Любовь с первого взгляда,https://russianpodcast.eu/wa_files/193__20Love_20at_20first_20sight.mp3,https://russianpodcast.eu/wa_files/193__20Love_20at_20first_20sight.pdf
194. Инструменты для дома,https://russianpodcast.eu/wa_files/194__20DIY_20tools.mp3,https://russianpodcast.eu/wa_files/194__20DIY_20instruments.pdf
195. Вот это да!,https://russianpodcast.eu/wa_files/195__20Reactions_20of_20surprise.mp3,https://russianpodcast.eu/wa_files/195__20Reactions_20of_20surprise.pdf
196. Информация о фирме,https://russianpodcast.eu/wa_files/196__20Financial_20Information.mp3,https://russianpodcast.eu/wa_files/196__20Financial_20Information.pdf
197. Страшилки,https://russianpodcast.eu/wa_files/197__20Scary_20Stories.mp3,https://russianpodcast.eu/wa_files/197__20Scary_20Stories.pdf
"198. Мужчина – голова, а женщина – шея 1",https://russianpodcast.eu/wa_files/198__20A_20man_20is_20the_20head_20the_20woman_20is_20the_20neck.mp3,https://russianpodcast.eu/wa_files/198__20Russian_20Men_20and_20Women.pdf
"199. Мужчина – голова, а женщина – шея 2",https://russianpodcast.eu/wa_files/199__20Russian_20Men_20and_20Women_202.mp3,https://russianpodcast.eu/wa_files/199__20Russian_20Men_20and_20Women_202.pdf
200. Татьяна отвечает на вопросы,https://russianpodcast.eu/wa_files/200__20Interview_20with_20Tatiana.mp3,https://russianpodcast.eu/wa_files/200__20Interview_20with_20Tatiana_201.pdf
201. Татьяна отвечает на вопросы 2,https://russianpodcast.eu/wa_files/201__20Interview_20with_20Tatiana_202.mp3,https://russianpodcast.eu/wa_files/201__20Interview_20with_20Tatiana_202.pdf
202. У психотерапевта,https://russianpodcast.eu/wa_files/202_At%20the%20psychotherapist.mp3,https://russianpodcast.eu/wa_files/202_At%20the%20psychotherapist.pdf
203. У психотерапевта 2,https://russianpodcast.eu/wa_files/203__20Psychotherapist.mp3,https://russianpodcast.eu/wa_files/203_At%20the%20psychotherapist_2.pdf
204. В самолёте,https://russianpodcast.eu/wa_files/204__20On_20the_20plane.mp3,https://russianpodcast.eu/wa_files/204__20On_20the_20plane.pdf
205. В спортзале,https://russianpodcast.eu/wa_files/205__20At_20the_20gym.mp3,https://russianpodcast.eu/wa_files/205__20At_20the_20gym.pdf
206. В метро,https://russianpodcast.eu/wa_files/206__20In_20the_20metro.mp3,https://russianpodcast.eu/wa_files/206__20In_20the_20metro.pdf
207. Интервью с Тома,https://russianpodcast.eu/wa_files/207__20Interview_20with_20Thomas_201.mp3,https://russianpodcast.eu/wa_files/207__20Interview_20with_20Thomas_201.pdf
208. Интервью с Тома 2,https://russianpodcast.eu/wa_files/208__20Interview_20with_20Thomas_202.mp3,https://russianpodcast.eu/wa_files/208__20Interview_20with_20Thomas_202.pdf
209. Интервью с Марком,https://russianpodcast.eu/wa_files/209__20Interview_20with_20Marc.mp3,https://russianpodcast.eu/wa_files/209__20Interview_20with_20Marc.pdf
210. Интервью с Марком 2,https://russianpodcast.eu/wa_files/210__20Interview_20with_20Marc_202.mp3,https://russianpodcast.eu/wa_files/210__20Interview_20with_20Marc_202.pdf
211. Периоды в искусстве,https://russianpodcast.eu/wa_files/211__20Artistic_20movements.mp3,https://russianpodcast.eu/wa_files/211_Artistic_Movements.pdf
212. Виды храмов,https://russianpodcast.eu/wa_files/212_Types_of_temples.mp3,https://russianpodcast.eu/wa_files/212_Types_of_Temples.pdf
213. Организуем забастовку,https://russianpodcast.eu/wa_files/213_Organizing_a_strike.mp3,https://russianpodcast.eu/wa_files/213_Organizing_a_strike.pdf
214. Стихийные бедствия,https://russianpodcast.eu/wa_files/214_Natural_disasters.mp3,https://russianpodcast.eu/wa_files/214_Natural_disasters.pdf
215. Русский рэп 1,https://russianpodcast.eu/wa_files/215_Russian_Rap_1_Decl_Vecherinka.mp3,https://russianpodcast.eu/wa_files/215_Russian_Rap_1_Decl_Vecherinka.pdf
216. Русский рэп 2,https://russianpodcast.eu/wa_files/216_Russian_hip-hop_2_Basta_Vypusknoy.mp3,https://russianpodcast.eu/wa_files/216_Russian_HipHop_2_Basta_Vypusknoy.pdf
217. Как ты живёшь без чёрного хлеба?,https://russianpodcast.eu/wa_files/217_Living_abroad.mp3,https://russianpodcast.eu/wa_files/217_Living_abroad.pdf
218. Жара,https://russianpodcast.eu/wa_files/218_Its_so_hot.mp3,https://russianpodcast.eu/wa_files/218_Its_so_hot.pdf
219. Погугли,https://russianpodcast.eu/wa_files/219_Google_it.mp3,https://russianpodcast.eu/wa_files/219_Google_it.pdf
220. Мальчишник,https://russianpodcast.eu/wa_files/220_Stag_Party.mp3,https://russianpodcast.eu/wa_files/220_Stag_Party.pdf
221. Русские мультфильмы 1,https://russianpodcast.eu/wa_files/221_Making_cartoons_in_Russia.mp3,https://russianpodcast.eu/wa_files/221_Making_cartoons_in_Russia.pdf
222. Русские мультфильмы 2,https://russianpodcast.eu/wa_files/222_Making_cartoons_in_Russia_2.mp3,https://russianpodcast.eu/wa_files/222_Making_cartoons_in_Russia_2.pdf
223. Подмосковные вечера,https://russianpodcast.eu/wa_files/223_Podmoskovnye_vechera.mp3,https://russianpodcast.eu/wa_files/223_Podmoskovnye_vechera.pdf
224. Я искала тебя – Земфира,https://russianpodcast.eu/wa_files/224_Ya_iskala_tebia_Zemfira.mp3,https://russianpodcast.eu/wa_files/224_Ya_iskala_tebia_Zemfira.pdf
"225. Вальс–бостон, Александр Розенбаум",https://russianpodcast.eu/wa_files/225_Vals_Boston_Alexander_Rosenbaum.mp3,https://russianpodcast.eu/wa_files/225_Vals_Boston_Alexander_Rosenbaum.pdf
226. Открываем счёт в банке 1,https://russianpodcast.eu/wa_files/226_Opening_a_bank_account.mp3,https://russianpodcast.eu/wa_files/226_Opening_a_bank_account.pdf
227. Открываем счёт в банке 2,https://russianpodcast.eu/wa_files/227_Opening_a_bank_account_2.mp3,https://russianpodcast.eu/wa_files/227_Opening_a_bank_account_2.pdf
228. В новом году я хотела бы…,https://russianpodcast.eu/wa_files/228_New_Years_Resolutions.mp3,https://russianpodcast.eu/wa_files/228_New_Years_resolutions.pdf
229. Русский язык в Норвегии,https://russianpodcast.eu/wa_files/229_Russian_language_in_Norway.mp3,https://russianpodcast.eu/wa_files/229_Russian_in_Norway.pdf
230. Русский язык в Норвегии 2,https://russianpodcast.eu/wa_files/230_Russian_language_in_Norway_2.mp3,https://russianpodcast.eu/wa_files/230_Russian_in_Norway_2.pdf
231. Интервью с Лукой Лампарьелло,https://russianpodcast.eu/wa_files/231_Interview_with_Luca_Lampariello_1.mp3,https://russianpodcast.eu/wa_files/231_Interview_with_Luca_Lampariello_1.pdf
232. Интервью с Лукой Лампарьелло 2,https://russianpodcast.eu/wa_files/232_Interview_with_Luca_Lampariello_2.mp3,https://russianpodcast.eu/wa_files/232_Interview_with_Luca_Lampariello_2.pdf
233. Комнаты и мебель,https://russianpodcast.eu/wa_files/233_Rooms_and_Furniture_Preview.mp3,
234. В цветочном магазине,https://russianpodcast.eu/wa_files/234_Florist.mp3,https://russianpodcast.eu/wa_files/234_Russian_Florist.pdf
235. Положительные эмоции,https://russianpodcast.eu/wa_files/235_Positive_Emotions_Preview.mp3,
236. Экология,https://russianpodcast.eu/wa_files/236_Russian_Podcast_Environment.mp3,
237. Она с ума сошла!,https://russianpodcast.eu/wa_files/237_She_is_crazy_Preview.mp3,
238. Знаки зодиака,https://russianpodcast.eu/wa_files/238_Signs_of_Zodiac.mp3,
239. Русские ремёсла,https://russianpodcast.eu/wa_files/239_Russian_crafts_Preview.mp3,
240. Анна Каренина,https://russianpodcast.eu/wa_files/240_Russian_books_vocabulary_Anna_Karenina.mp3,
241. Мастер и Маргарита,https://russianpodcast.eu/wa_files/241_Books_vocabulary_Master_and_Margarita_Preview.mp3,
242. Преступление и наказание,https://russianpodcast.eu/wa_files/242_Russian_books_vocabulary_Crime_and_Punishment.mp3,
243. Запахи,https://russianpodcast.eu/wa_files/243_Smells_Dachniks_Only_Preview.mp3,
244. Транссибирская магистраль,https://russianpodcast.eu/wa_files/244_On_the_Trans_Siberian.mp3,
245. В библиотеке,https://russianpodcast.eu/wa_files/245_In_the_library_Preview.mp3,
246. Глаголы движения 1,https://russianpodcast.eu/wa_files/246_Motion_verbs_1_on_foot.mp3,
247. Глаголы движения 2,https://russianpodcast.eu/wa_files/247_Motion_verbs_transport_Preview_Dachniks_Only.mp3,
248. Глаголы движения с приставками,https://russianpodcast.eu/wa_files/248_Motion_verbs_prefixes.mp3,
249. Татарстан,https://russianpodcast.eu/wa_files/249_Regions_Tatarstan_Dachniks_Only_Preview.mp3,
250. Камчатка,https://russianpodcast.eu/wa_files/250_Russian_regions_Kamchatka.mp3,
251. Карелия – Интервью с Ольгой Джерел 1,https://russianpodcast.eu/wa_files/251_Karelia_interview_with_Olga_Jarrell.mp3,
252. Комплименты,https://russianpodcast.eu/wa_files/252_Compliments_Preview_Dachniks_Only.mp3,
253. Карелия – Интервью с Ольгой Джерел 2,https://russianpodcast.eu/wa_files/253_Karelia_interview_with_Olga_Jarrell_2.mp3,
254. Российская армия,https://russianpodcast.eu/wa_files/254_Russian_Army_Preview.mp3,
255. 8 марта,https://russianpodcast.eu/wa_files/255_8_March_Preview_Dachniks_Only.mp3,
256. “Слыхали ль вы?” – Евгений Онегин,https://russianpodcast.eu/wa_files/256_Onegin_1_Preview.mp3,
257. Город или деревня?,https://russianpodcast.eu/wa_files/257_City_vs_Countryside.mp3,
258. Современный детектив,https://russianpodcast.eu/wa_files/258_Detective_Stories_Dachniks_Only_Preview.mp3,
259. СМИ,https://russianpodcast.eu/wa_files/259_Mass_Media_Dachniks_Only_Preview.mp3,
260. Эмиграция,https://russianpodcast.eu/wa_files/260_Immigration_Dachniks_Only_Preview.mp3,
261. Коллекции,https://russianpodcast.eu/wa_files/261_Collections_Dachniks_Only_Preview.mp3,
262. Меняем билеты на поезд,https://russianpodcast.eu/wa_files/262_Changing_train_tickets.mp3,
263. Северный менталитет,https://russianpodcast.eu/wa_files/263_Northern_mentality_Preview_Preview.mp3,
264. Топ–10 книг в России (видео),https://russianpodcast.eu/wa_files/264_Top_20_books_Russia_Preview.mp3,
265. Как выжить в жару?,https://russianpodcast.eu/wa_files/265_How_to_survive_heat_wave.mp3,
266. Карельская Берёза,https://russianpodcast.eu/wa_files/20180810_266_Karaelian_birch_tree_Svetlana_Preview.mp3,
267. В. Высоцкий,https://russianpodcast.eu/wa_files/20180830_267_Vladimir_Vysotsky_Gimnastika_Preview.mp3,
268. Хорошие привычки,https://russianpodcast.eu/wa_files/268_Good_habits_Russian.mp3,
269. Соседи,https://russianpodcast.eu/wa_files/269_Meeting_a_neighbor_Dachniks_Only_Preview.mp3,
270. Экскурсия по замку,https://russianpodcast.eu/wa_files/270_Visiting_Renaissance_Castle_Preview.mp3,
271. Хэллоуин вечеринка,https://russianpodcast.eu/wa_files/271_Halloween_party.mp3,
272. Запреты,https://russianpodcast.eu/wa_files/272_Zaprety_Preview.mp3,
273. Путешествие на машине,https://russianpodcast.eu/wa_files/273_Car_trip_Preview.mp3,
274. Спорим о расходах,https://russianpodcast.eu/wa_files/274_Sporim_o_rashodah.mp3,
275. Сова или жаворонок?,https://russianpodcast.eu/wa_files/275_Ranneye_utro_Preview.mp3,
276. Колобок,https://russianpodcast.eu/wa_files/276_Kolobok_audio.mp3,
277. Потеряла очки,https://russianpodcast.eu/wa_files/277_Poteriala_ochki_Preview.mp3,
278. Императив НСВ и СВ,https://russianpodcast.eu/wa_files/278_Imperativ_SV_NSV_Preview.mp3,
279. Теории заговора,https://russianpodcast.eu/wa_files/279_Teorii_zagovora.mp3,
280. Я в шоке!,https://russianpodcast.eu/wa_files/280_Ya_v_shoke_Preview.mp3,
281. Фредерик Томас – “чёрный русский”,https://russianpodcast.eu/wa_files/281_Frederick_Thomas_The_Black_Russian_Preview.mp3,
282. Как я готовлюсь к путешествиям?,https://russianpodcast.eu/wa_files/282_Kak_ya_gotovlus_k_puteshestviam.mp3,
283. Завтрак,https://russianpodcast.eu/wa_files/283_Zavtrak_Preview.mp3,
284. Официальное письмо,https://russianpodcast.eu/wa_files/284_Oficialnoye_pismo_Preview.mp3,
285. В газетном киоске,https://russianpodcast.eu/wa_files/285_Govorim_o_gazetah.mp3,
286. Распорядок дня,https://russianpodcast.eu/wa_files/286_Rasporyadok_dnya_Preview.mp3,
287. На рынке,https://russianpodcast.eu/wa_files/287_Rynok_Preview.mp3,
288. Девичник,https://russianpodcast.eu/wa_files/288_Devichnik.mp3,
289. Почему я люблю ездить в Россию?,https://russianpodcast.eu/wa_files/289_Pochemu_ya_lublu_ezdit_v_Rossiyu_Dachniks_Only_Preview.mp3,
290. Разговор о Пушкине 1,https://russianpodcast.eu/wa_files/290_Govorim_o_Pushkine_Preview.mp3,
291. Разговор с Ютоком Исиямой,https://russianpodcast.eu/wa_files/291_Yutoku_Ishiyama_Suppon_i_Nekomyshka.mp3,
292. Жаргонная лексика “деньги”,https://russianpodcast.eu/wa_files/292_Jargon_Dengi_Preview.mp3,
"293. Евгений Онегин, Разговор о Пушкине 2",https://russianpodcast.eu/wa_files/293_Evgueny_Onegin_Preview.mp3,
294. Абрам Ганнибал – эфиопский прадед Пушкина,https://russianpodcast.eu/wa_files/294_Abram_Gannibal.mp3,
295. Заказываем кофе,https://russianpodcast.eu/wa_files/295_Zakazyvaem_kofe_Preview.mp3,
296. Чистое и грязное,https://russianpodcast.eu/wa_files/296_Chistoye_i_gryaznoe_Preview.mp3,
"297. Биоэтика, интервью с Еленой",https://russianpodcast.eu/wa_files/297_Bioetika_interview_Elena.mp3,
298. ЛГБТ в России,https://russianpodcast.eu/wa_files/298_LGBT_Rossia_Preview.mp3,
"299. Биоэтика, интервью с Еленой 2",https://russianpodcast.eu/wa_files/299_Interview_Elena_Preview.mp3,
300. Юбилейный подкаст,https://russianpodcast.eu/wa_files/300_Voprosy_Otvety.mp3,
301. Идём в поход,https://russianpodcast.eu/wa_files/301_Pokhod_Preview.mp3,
302. Генеральная уборка,https://russianpodcast.eu/wa_files/302_Generalnaya_uborka_Preview.mp3,
303. Произносим тост,https://russianpodcast.eu/wa_files/303_Tosty.mp3,
304. Бессонница,https://russianpodcast.eu/wa_files/304_Bessonnitsa_Preview.mp3,
305. Вид из моего окна,https://russianpodcast.eu/wa_files/305_Vid_iz_okna_preview.mp3,
306. Компьютер,https://russianpodcast.eu/wa_files/306_Kumputer.mp3,
307. Расслабляемся после работы,https://russianpodcast.eu/wa_files/307_Rasslablyaemsia_Preview.mp3,
308. Русские торты и пирожные,https://russianpodcast.eu/wa_files/308_Torty_pirozhnye_Preview.mp3,
309. Отдыхаем за городом,https://russianpodcast.eu/wa_files/309_Otdyhaem_za_gorodom.mp3,
310. Жизнь в Сибири – Артём Назаров 1,https://russianpodcast.eu/wa_files/310_Artem_Nazarov_Sibir_1_dachniki_Preview.mp3,
311. Жизнь в Сибири – Артём Назаров 2,https://russianpodcast.eu/wa_files/311_Artem_Nazarov_Sibir_2_dachniki_Preview.mp3,
312. Жизнь в Сибири – Артём Назаров 3,https://russianpodcast.eu/wa_files/312_Artem_Nazarov_Sibir_3.mp3,
313. Отдыхаем в санатории,https://russianpodcast.eu/wa_files/313_Sanatorij_dachniks_preview.mp3,
314. Сибиряки не улыбаются?,https://russianpodcast.eu/wa_files/314_Artem_Nazarov_Sibir_4_Preview.mp3,
315. Гуляем в горах,https://russianpodcast.eu/wa_files/315_Gulayem_v_gorah.mp3,
316. Говорим о политике,https://russianpodcast.eu/wa_files/316_Politika_Preview_dachniks.mp3,
317. Автоответчик,https://russianpodcast.eu/wa_files/317_Avtootvetchik_Preview.mp3,
318. Лекарственные растения,https://russianpodcast.eu/wa_files/318_Lekarstvennye_travy.mp3,
319. Обсуждаем сериал,https://russianpodcast.eu/wa_files/319_Obsuzhdaem_serial_preview.mp3,
320. Пять чувств,https://russianpodcast.eu/wa_files/320_Pyat_chuvstv_preview.mp3,
321. Свидание через приложение,https://russianpodcast.eu/wa_files/321_Svidanie_cherez_prilozhenie.mp3,
322. Говорим с инспектором ДПС,https://russianpodcast.eu/wa_files/322_Govorim_s_inspektorom_DPS_preview.mp3,
323. Катаемся на лыжах,https://russianpodcast.eu/wa_files/323_Katayemsya_na_lyzhah_Preview.mp3,
324. Типы работы,https://russianpodcast.eu/wa_files/324_Tipy_raboty.mp3,
325. Медитация на русском,https://russianpodcast.eu/wa_files/325_Meditasia_na_russkom_Preview.mp3,
326. Конфликт с соседкой,https://russianpodcast.eu/wa_files/326_Konflikt_s_sosedkoy_preview.mp3,
327. Читаем этикетку продукта,https://russianpodcast.eu/wa_files/327_Chitaem_etiketku.mp3,
328. Политический скандал,https://russianpodcast.eu/wa_files/328_Politichesky_skandal_preview.mp3,
329. Знакомим друзей,https://russianpodcast.eu/wa_files/329_Znakomim_druzey_Preview.mp3,
330. Выражения лица,https://russianpodcast.eu/wa_files/330_Vyrazhenia_litsa.mp3,
331. Разница в возрасте,https://russianpodcast.eu/wa_files/331_Raznitsa_v_vozraste_Preview.mp3,
332. Собеседование в фирме,https://russianpodcast.eu/wa_files/332_Sobesedovanye_Preview.mp3,
333. Песня “Люди любят”,https://russianpodcast.eu/wa_files/333_Ludi_lyubat_Daite_Tank.mp3,
334. Марк Мэнсон против новостей,https://russianpodcast.eu/wa_files/334_Mark_Manson_protiv_novostey_Preview.mp3,
335. Когда дети играют на свалке,https://russianpodcast.eu/wa_files/335_Kogda_deti_igraut_na_svalke_Preview.mp3,
336. Эрмитажные коты,https://russianpodcast.eu/wa_files/336_Ermitazhnye_koty.mp3,
337. Гормоны счастья,https://russianpodcast.eu/wa_files/337_Gormony_schastia_Preview.mp3,
338. Можно ли посчитать дружбу,https://russianpodcast.eu/wa_files/338_Mozhno_li_poschitat_druzhbu_Preview.mp3,
339. Быстрая мода,https://russianpodcast.eu/wa_files/339_Bystraya_moda.mp3,
340. И. С. – суперзвезда?,https://russianpodcast.eu/wa_files/340_I_S_supersvezda_Preview.mp3,
341. Яйца Фаберже,https://russianpodcast.eu/wa_files/341_Faberge_Preview.mp3,
342. Как не соглашаются в разных культурах?,https://russianpodcast.eu/wa_files/342_Kak_ne_soglashayutsa.mp3,
"343. Нарды, новое хобби",https://russianpodcast.eu/wa_files/343_Nardy_Preview.mp3,
344. Мифы о мозге,https://russianpodcast.eu/wa_files/344_Mify_o_mozge_Preview.mp3,
345. Северное сияние,https://russianpodcast.eu/wa_files/345_Severnoye_siyanie.mp3,
"346. “Блогерка”, “авторка”,…",https://russianpodcast.eu/wa_files/346_Feminitivy_Preview.mp3,
347. Боди-нейтральность,https://russianpodcast.eu/wa_files/347_Body_neytralnost_Preview.mp3,
348. СВ (Спальный вагон),https://russianpodcast.eu/wa_files/348_Spalnyj_vagon.mp3,
349. Облепиха,https://russianpodcast.eu/wa_files/349_Oblepikha_Preview.mp3,
350. Песня “Всё в твоих руках”,https://russianpodcast.eu/wa_files/350_Vsio_v_tvoih_rukah_Preview.mp3,
351. Нескромные вопросы,https://russianpodcast.eu/wa_files/351_Neskromnye_voprosy_Preview.mp3,
352. Кот Степан из Харькова,https://russianpodcast.eu/wa_files/352_Kot_Stepan_Preview.mp3,
353. Опыт волонтёрства,https://russianpodcast.eu/wa_files/353_Volonterstvo_Preview.mp3,
354. Украинский с Duolingo,https://russianpodcast.eu/wa_files/354_Izuchaem_yazik_s_duolingo.mp3,
355. Типы звуков,https://russianpodcast.eu/wa_files/355_Tipy_zvukov_Preview.mp3,
356. Работаем 4 дня в неделю,https://russianpodcast.eu/wa_files/356_Rabotaem_4_dnia_Preview.mp3,
357. Как обогатить речь?,https://russianpodcast.eu/wa_files/357_Kak_obogatit_rech.mp3,
358. Мы живём в эпоху коучей?,https://russianpodcast.eu/wa_files/358_Koaching_za_i_protiv_Preview.mp3,
359. Любопытные факты о ежах,https://russianpodcast.eu/wa_files/359_Fakty_o_ezhah_Preview.mp3,
360. Белые таксисты в Париже,https://russianpodcast.eu/wa_files/360_Belye_taksi_v_Parije.mp3,
361. Иммунитет,https://russianpodcast.eu/wa_files/361_Immunitet_Preview.mp3,
362. Готовим жареные пирожки,https://russianpodcast.eu/wa_files/362_Pirjoki_Preview.mp3,
363. Как принимают россиян в Таджикистане,https://russianpodcast.eu/wa_files/363_Rossiyane_v_Tadzhikistane.mp3,
364. Без чего приходится обходиться в этом году,https://russianpodcast.eu/wa_files/364_Bez_chego_prihoditsa_obhoditsa_MP3.mp3,
"365. Кто-то простит, Мурат Насыров",https://russianpodcast.eu/wa_files/365_Kto_to_prostit_Preview.mp3,
366. Как звучать более спонтанно?,https://russianpodcast.eu/wa_files/366_Kak_zvuchat_spontanno.mp3,
"367.  Лиля Брик, муза русского авангарда",https://russianpodcast.eu/wa_files/367_Lilia_Brik_Preview.mp3,
368. История матрёшки,https://russianpodcast.eu/wa_files/368_Istorya_matryoshki_Preview.mp3,
369. Эпидемия одиночества,https://russianpodcast.eu/wa_files/369_Epidemia_odinochestva.mp3,
370. Приложения знакомств: “за” и “против”,https://russianpodcast.eu/wa_files/370_Prolojenia_Preview.mp3,
371. Холод,https://russianpodcast.eu/wa_files/371_Holod_Preview.mp3,
372. Загадочная буква “Ё”,https://russianpodcast.eu/wa_files/372_Bukva_yo.mp3,
373. Мой феминизм,https://russianpodcast.eu/wa_files/373_Moy_feminism_Preview.mp3,
374. Говорим о детективах,https://russianpodcast.eu/wa_files/374_Detektivy_Preview.mp3,
375. Водительские права во Франции и в России,https://russianpodcast.eu/wa_files/375_Prava.mp3,
376. Польза пеших прогулок,https://russianpodcast.eu/wa_files/376_Progulki_Preview.mp3,
377. Можно ли выучить язык под гипнозом?,https://russianpodcast.eu/wa_files/377_Yazyk_pod_hypnozom_Preview.mp3,
378. Выражения о любви и нелюбви,https://russianpodcast.eu/wa_files/378_Vyrazhenia_otnoshenia.mp3,
379. Перемены,https://russianpodcast.eu/wa_files/379_Peremeny_Preview.mp3,
380. Премия Дарвина,https://russianpodcast.eu/wa_files/380_Premia_Darwina_Preview.mp3,
381. Анна Каренина – Скачки,https://russianpodcast.eu/wa_files/381_Anna_Karenina_Skachki.mp3,
382. Жизнь в городе-заводе во время войны,https://russianpodcast.eu/wa_files/382_Zhizn_v_nebolshom_gorode_Preview.mp3,
383. Факты о солнце,https://russianpodcast.eu/wa_files/383_Fakty_o_solnce_Preview.mp3,
384. Медвежья услуга,https://russianpodcast.eu/wa_files/384_Medvejia_usluga.mp3,
385. Жизнь в маленьком городе,https://russianpodcast.eu/wa_files/385_Zhizn_v_malenkom_gorode_Preview,
386. Пять языков любви,https://russianpodcast.eu/wa_files/386_5_yazykov_lubvi_Preview,
387. Даты с падежами,https://russianpodcast.eu/wa_files/387_Daty_s_padezhami.mp3,
388. Давайте переименуем русский язык!,https://russianpodcast.eu/wa_files/388_Pereimenovat_russki_Preview.mp3,
389. Культ фильтров,https://russianpodcast.eu/wa_files/389_Kult_filtrov_Preview.mp3,
390. Работать на себя: плюсы и минусы,https://russianpodcast.eu/wa_files/390_Rabota_na_sebia.mp3,
391. Аэрофобия,https://russianpodcast.eu/wa_files/391_Aerofobia_Preview.mp3,
392. Подкаст-винегрет,https://russianpodcast.eu/wa_files/392_Vinegret_dekabr_2023_Preview.mp3,
393. Философский пароход,https://russianpodcast.eu/wa_files/393_Filosofskij_parohod.mp3,
394. Тарковский в Иране,https://russianpodcast.eu/wa_files/394_Tarkovsky_v_Irane_Preview,
395. Жить одной: преимущества и недостатки,https://russianpodcast.eu/wa_files/395_Jit_odnoy_Preview.mp3,
396. Королевы шахмат,https://russianpodcast.eu/wa_files/396_Korolevy_shahmat.mp3,
397. Велосипеды напрокат,https://russianpodcast.eu/wa_files/397_Velosipedy_naprokat_Preview.mp3,
398. История салата Оливье,https://russianpodcast.eu/wa_files/398_Olivier_Preview.mp3,
399. Глаголы еды,https://russianpodcast.eu/wa_files/399_Glagoly_edy.mp3,
400. Профессия: подкастер,https://russianpodcast.eu/wa_files/400_Professia_podkaster_Preview.mp3,
401. Суржик,https://russianpodcast.eu/wa_files/401_Surzhik_Preview.mp3,
402. Демократия в Афинах,https://russianpodcast.eu/wa_files/402_Demokratia_v_Afinah.mp3,
403. Дневник на иностранном языке,https://russianpodcast.eu/wa_files/403_Dnevnik_Preview.mp3,
404. Плюсы зрелого возраста,https://russianpodcast.eu/wa_files/404_Plusy_zrelogo_vozrasta_Preview.mp3,
405. Что внутри чёрной дыры?,https://russianpodcast.eu/wa_files/405_Chernye_dyry.mp3,
"406. Парень, подруга, супруга",https://russianpodcast.eu/wa_files/406_Devushka_paren_Preview,
407. Необычный опыт работы,https://russianpodcast.eu/wa_files/407_Neobychnyj_opyt_raboty_Preview.mp3,
408. Как Бобби Гибб пробежала марафон,https://russianpodcast.eu/wa_files/408_Kak_Bobbi_Gibb_probejala_marafon.mp3,
409. Подкаст-винегрет,https://russianpodcast.eu/wa_files/409_Podcast_vinegret_Preview.mp3,
410. Загадочный Григорий Перельман,https://russianpodcast.eu/wa_files/410_Zagadochnij_Grigori_Perelman_Preview.mp3,
411. Факты о белом медведе,https://russianpodcast.eu/wa_files/411_Fakty_o_belom_medvede.mp3,
412. Весёлые глаголы,https://russianpodcast.eu/wa_files/412_Vesyolye_glagoly_Preview.mp3,
413. Как поднять себе настроение зимой,https://russianpodcast.eu/wa_files/413_Kak_podniat_nastroyenie_zimoy_Preview.mp3,
414. Тот же самый,https://russianpodcast.eu/wa_files/414_Tot_je_samyj.mp3,
415. Как я стала донором яйцеклеток,https://russianpodcast.eu/wa_files/415_Donorstvo_yajzekletok_Preview.mp3,
416. Подарки – это ещё актуально,https://russianpodcast.eu/wa_files/416_Podarky_Preview.mp3,
417. Квадробика,https://russianpodcast.eu/wa_files/417_Quadrobery.mp3,
"418. Нарды – больше, чем игра",https://russianpodcast.eu/wa_files/418_Nardy_Preview.mp3,
419. Встреча Мастера и Маргариты,https://russianpodcast.eu/wa_files/419_Master_i_Margarita_Vstrecha_Preview.mp3,
420. Гипноз на сцене,https://russianpodcast.eu/wa_files/420_Spektakl_gypnoza.mp3,
421. Балтийский путь,https://russianpodcast.eu/wa_files/421_Baltijskij_put_Preview.mp3,
422. Родственные связи,https://russianpodcast.eu/wa_files/422_Rodstvennye sviazi_Preview.mp3,
423. Шибболет – речевой пароль,https://russianpodcast.eu/wa_files/423_Shibbolet.mp3,
424. Императрица и английский доктор,https://russianpodcast.eu/wa_files/424_Imperatrica_i_anglijskij_doctor.mp3,
425. Кто такие “гопники”?,https://russianpodcast.eu/wa_files/425_Gopniks_Preview.mp3,
426. Подкаст-прогулка,https://russianpodcast.eu/wa_files/426_Podkast_Progulka.mp3,
427. Языковой гедонизм,,
428. Потёмкинская деревня,https://russianpodcast.eu/wa_files/428_Potemkinskaya_derevnia_Preview.mp3,
429. Васюганские болота,https://russianpodcast.eu/wa_files/429_Vasuganskie_bolota.mp3,
430. Жизнь и воротник,https://russianpodcast.eu/wa_files/430_Zhizn_i_vorotnik_Preview.mp3,
431. Библиотека будущего,https://russianpodcast.eu/wa_files/431_Biblioteka_buduchego_Preview.mp3,
432. Советы Макиавелли,https://russianpodcast.eu/wa_files/432_Sovety_Makiavelli.mp3,
433. Собаки в космосе,https://russianpodcast.eu/wa_files/433_Sobaki_v_kosmose_Preview.mp3,
434. Подкаст-винегрет,https://russianpodcast.eu/wa_files/434_Podcast_Vinegret_Preview.mp3,
435. Путешествия: за и против,https://russianpodcast.eu/wa_files/435_Puteshestvia_za_i_protiv.mp3,
436. Тунгусский метеорит,https://russianpodcast.eu/wa_files/436_Tunguska_Preview.mp3,
437. Может ли ИИ заменить учителя?,https://russianpodcast.eu/wa_files/437_Mojet_li_AI_zamenit_uchitelia_Preview.mp3,
438. Семь чудес света Древнего Мира,https://russianpodcast.eu/wa_files/438_Sem_chudes_sveta.mp3,
439. О пользе чтения,https://russianpodcast.eu/wa_files/439_Polza_chtenia_Preview.mp3,
"440. “Собачье сердце”, Булгаков",https://russianpodcast.eu/wa_files/440_Sobachie_serdce_Preview.mp3,
441. Гадания,https://russianpodcast.eu/wa_files/441_Gadania.mp3,
442. Шесть столиц России,https://russianpodcast.eu/wa_files/442_Shest_stolic-Rossii_Preview.mp3,
443. Шахматные выражения,https://russianpodcast.eu/wa_files/443_Shahmaty_vyrazhenia_Preview.mp3,
"444. Яна Бакунина, Хороший Русский 1",https://russianpodcast.eu/wa_files/444_Jana_Bakunina_Interview_1.mp3,
"445. Яна Бакунина, Хороший Русский 2",https://russianpodcast.eu/wa_files/445_Jana_Bakunina_Interview_2.mp3,
446. Душевное равновесие и новости,https://russianpodcast.eu/wa_files/446_Dushevnoye_ravnovesie_preview.mp3,
447. Волшебное княжество Монако,https://russianpodcast.eu/wa_files/447_Monaco_Preview.mp3,
448. Кто такие стахановцы,https://russianpodcast.eu/wa_files/448_Stakhanovcy.mp3,
449. Моя президентская программа,https://russianpodcast.eu/wa_files/449_Prezidentskaya_programma_Preview.mp3,
450. Дети Путина,https://russianpodcast.eu/wa_files/450_Deti_Putina_Preview.mp3,
451. Марина Цветаева...,https://russianpodcast.eu/wa_files/451_Marina_Tsvetayeva_Poem.mp3,
452. Принимать - нюансы,https://russianpodcast.eu/wa_files/452_Prinimat_Preview.mp3,
453. Первая помощь,https://russianpodcast.eu/wa_files/453_Pervaya_Pomoch_Preview.mp3,
454. ИИ в работе учителя,https://russianpodcast.eu/wa_files/454_II_v_rabote_uchitelya.mp3,
Война в Украине. Шок. Так нельзя,https://russianpodcast.eu/wa_files/20220301_Voyna_v_Ukraine.mp3,
Россия – страна изгой?,https://russianpodcast.eu/wa_files/20220310_Rossia_strana_izgoy_Preview.mp3,
Почему россияне мало протестуют?,https://russianpodcast.eu/wa_files/20220410_Pochemu_rossiyane_malo_protestuyut.mp3,
