1,Chúng tôi đứng trong kho vào buổi chiều rồi, chỉ cần cởi bộ đồ bảo hộ ra là có thể ghé vào quán "Borzhch" uống vài ly rượu mạnh.
2,Tôi đứng chơi không tựa vào tường, đã làm xong phần việc của mình và đang cầm sẵn điếu thuốc, thèm hút kinh khủng, hai tiếng đồng hồ không hút rồi, thế mà anh ta vẫn mày mò với đồ đạc của mình:
3,đã nhét đầy một cái két khóa lại và niêm phong, giờ đang nhét cái thứ hai, lấy từng cái "pút-xơ-ska" trên băng chuyền, kiểm tra từng cái từ mọi phía (mà nặng lắm đồ quỷ sáu ký rưỡi đấy nhé) rồi cẩn thận nhét vào kệ với tiếng rên rỉ.
4,Không biết anh ta mò mẫm với mấy cái "pút-xơ-ska" này bao lâu rồi, mà theo tôi thì chẳng ích gì cho nhân loại cả. Ở vào vị trí của anh ta tôi đã chán từ lâu và tìm việc khác làm với mức lương tương đương.
5,Dù sao đi nữa nếu nghĩ cho kỹ thì cái "pút-xơ-ska" quả thực là thứ bí ẩn và khó hiểu lạ thường.
6,Tôi đã vác bao nhiêu cái trên lưng rồi vậy mà mỗi lần nhìn thấy lại không khỏi ngạc nhiên.
7,Nó chỉ có hai đĩa đồng to bằng cái đĩa uống trà dày khoảng năm milimét, khoảng cách giữa hai đĩa chừng bốn trăm milimét, và ngoài khoảng cách đó ra thì không có gì cả giữa chúng.
8,Nghĩa là không có gì hết trống không. Có thể thò tay vào có thể thọc cả đầu vào nếu bạn hoàn toàn ngây ngô vì kinh ngạc – trống không thật chỉ có không khí.
9,Thế nhưng tất nhiên giữa chúng vẫn có gì đó một lực nào đó theo cách tôi hiểu vì chưa ai ép được hai đĩa lại gần nhau hay tách chúng ra.
10,Thôi nào các bạn thứ này khó mô tả lắm nếu chưa nhìn tận mắt trông thì đơn giản quá nhất là khi nhìn kỹ và cuối cùng tin vào mắt mình.
11,Cũng như tả cái cốc hay trời ơi cái chén rượu cho ai đó: chỉ cựa ngón tay và văng tục vì hoàn toàn bất lực.
12,Thôi coi như các bạn đã hiểu rồi còn ai chưa hiểu thì lấy tập "Báo cáo" của viện ra đọc – số nào cũng có bài về mấy cái "pút-xơ-ska" kèm ảnh.
13,Nói chung Kirill đã vật lộn với mấy cái "pút-xơ-ska" này gần một năm rồi. Tôi ở cạnh anh từ đầu nhưng đến giờ vẫn không hiểu rõ anh muốn đạt được gì từ chúng mà thật tình mà nói thì cũng chẳng có gì thúc giục tôi tìm hiểu.
14,Để anh tự hiểu tự giải quyết trước đi rồi biết đâu tôi sẽ lắng nghe.
15,Còn hiện tại tôi chỉ rõ một điều: anh phải bằng mọi cách tháo tung một cái "pút-xơ-ska" nào đó ra, tẩm axit, ép bẹp, nung chảy trong lò.
16,Đến lúc đó thì mọi thứ sẽ sáng tỏ với anh danh thơm tiếng tốt sẽ đến và toàn bộ khoa học thế giới sẽ rùng mình vì hạnh phúc. Nhưng cho đến lúc này theo tôi hiểu còn rất xa mới đến được đó.
17,Anh chưa đạt được gì chỉ kiệt sức hoàn toàn trở nên xám xịt trầm lặng mắt cứ như mắt con chó ốm còn rớm lệ nữa.
18,Nếu là người khác ở vị trí anh tôi đã cho uống rượu say bí tỉ dắt đến một cô nàng ngoan để được khuấy động sáng hôm sau lại cho uống và lại dắt đến cô nàng khác và chỉ cần một tuần là anh ta đã như mới tai vểnh lên đuôi dựng thẳng.
19,Nhưng với Kirill thì bài thuốc đó không hợp chẳng đáng đề nghị anh khác giống người.
20,Thế là chúng tôi đứng trong kho tôi nhìn anh nhìn thấy anh trở nên thế nào hố mắt hóp lại thế nào và bỗng thấy thương anh không hiểu sao.
21,Và lúc đó tôi quyết định. Thực ra không phải tự tôi quyết định mà như có ai đó giật lưỡi tôi vậy.
22,Anh nhanh chóng nhét cái "pút-xơ-ska" vào két đóng cửa két lại khóa ba vòng rưỡi và chúng tôi cùng quay về phòng thí nghiệm.
23,Ernst trả bốn trăm đồng tiền mặt cho một cái "pút-xơ-ska" rỗng còn một cái đầy thì tôi sẽ hút cạn máu của hắn nhưng dù tin hay không thì tôi đã không nghĩ đến điều đó vì Kirill trước mắt tôi cứ như sống lại trở nên căng như dây đàn rung lên cả người chạy lên cầu thang bỏ bốn bậc một.
24,Nói chung tôi kể hết cho anh nghe: nó trông thế nào nằm ở đâu và cách tiếp cận tốt nhất là thế nào.
25,Anh lập tức lấy bản đồ ra tìm cái nhà để xe đó ấn ngón tay vào đó và nhìn tôi và rõ ràng hiểu ngay mọi thứ về tôi mà có gì ở đây không hiểu được đâu!
26,Sao mà không thấy hơn! Dĩ nhiên là anh rộng lượng cố gắng vì tôi: người thứ ba là thừa chạy đi hai người là xong không ai biết về anh đâu.
27,Nhưng tôi biết người của viện không đi vào Vùng hai người. Có nguyên tắc của họ: hai người làm việc người thứ ba quan sát và khi được hỏi sau đó sẽ kể lại.
28,Ostyn là người không tệ lòng dũng cảm và sự hèn nhát ở anh đúng tỷ lệ nhưng theo tôi anh đã bị đánh dấu rồi. Kirill không giải thích được điều đó nhưng tôi thấy rõ: người ta tự nghĩ mình hiểu và nắm hết Vùng rồi nghĩa là sắp toi. Và được thôi. Nhưng không có tôi.
29,Nói chung anh ngồi lại bên bản đồ còn tôi thì phi thẳng vào quán "Borzhch" vì đói chịu không nổi nữa và cổ họng khô khốc.
30,Được rồi. Sáng hôm sau tôi đến như mọi hôm đúng chín giờ xuất trình thẻ và ở cổng là tên trung sĩ cao kều mà năm ngoái tôi đã cho một trận vì hắn say rượu mà cứ nhào vào Guta.
31,Tự nghĩ: cái trò gì đây? Tại sao đại úy Herzog lại cần tôi trong giờ làm việc? Thôi đi mà trình diện. Phòng của ông ở tầng ba phòng tốt lắm và cửa sổ có song sắt như ở đồn cảnh sát.
32,Willy ngồi sau bàn phì phèo tẩu thuốc và gõ chậm chạp vào máy chữ còn ở góc phòng thì có một tên trung sĩ mới nào đó đang lục lọc tủ sắt không quen.
33,Ở viện chúng tôi có nhiều trung sĩ hơn cả sư đoàn toàn người béo mập hồng hào khỏe mạnh – không cần đi vào Vùng và chuyện thế giới là quan trọng gì với họ.
34,Tôi vào phòng thay đồ mặc bộ đồ bảo hộ hút thuốc và cứ nghĩ mãi: tiếng đồn từ đâu ra thế này? Nếu từ trong viện thì đó là dối trá hết không ai ở đây biết gì về tôi và không thể biết.
35,Còn nếu cảnh sát gửi thư tố cáo... thì họ có thể biết gì ngoài những chuyện cũ của tôi? Có khi Kền Kền bị bắt rồi? Cái thằng vô lại đó để tự bảo vệ sẵn sàng đẩy bất kỳ ai vào hố. Nhưng Kền Kền giờ cũng chẳng biết gì về tôi nữa...
36,Tôi suy nghĩ mãi không nghĩ ra gì hữu ích và quyết định – kệ đi! Lần cuối tôi vào Vùng ban đêm là ba tháng trước hàng hóa hầu hết đã bán rồi và tiền cũng gần hết. Không bắt được quả tang mà giờ thì khó mà túm được tôi tôi trơn lắm.
37,Nhưng khi tôi đã leo lên cầu thang bỗng nhiên một ý nghĩ ập đến mạnh đến mức tôi quay lại phòng thay đồ ngồi xuống và hút thêm điếu thuốc. Hóa ra hôm nay tôi không thể vào Vùng. Ngày mai cũng không ngày kia cũng không.
38,Hóa ra tôi lại bị bọn cảnh sát cóc đó để ý chúng không quên tôi mà nếu quên thì cũng có người nhắc. Và giờ thì không còn quan trọng là ai nữa.
39,Không một tay thợ săn kho báu nào nếu chưa hoàn toàn điên sẽ đến gần Vùng trong tầm súng đại bác khi biết đang bị theo dõi. Tôi cần chui vào xó tối nhất ngay. Vùng à tôi mà chơi như thế à?
40,Tôi ấy à tôi chẳng đến đó dù có giấy phép cả mấy tháng nay rồi! Các anh làm phiền người công nhân thí nghiệm lương thiện làm gì thế?
41,Suy nghĩ hết mọi thứ tôi thậm chí cảm thấy nhẹ nhõm phần nào vì hôm nay không phải vào Vùng. Chỉ là phải báo cho Kirill khéo léo thế nào thôi?
42,Đầu tiên tất nhiên anh trố mắt nhìn tôi. Rồi hình như anh hiểu ra điều gì: nắm lấy khuỷu tay tôi dẫn vào phòng riêng nhỏ của anh bảo tôi ngồi vào bàn của anh còn anh thì ngồi lên bệ cửa sổ.
43,Anh mềm lòng. Lại có vẻ khổ sở mắt lại trở thành như mắt con chó xù ốm. Anh hít thở co giật châm điếu thuốc mới từ tàn điếu cũ và khẽ nói.
44,Anh nhìn tôi theo cách kỳ lạ nào đó nhảy xuống khỏi bệ cửa sổ và bắt đầu đi đi lại lại trong căn phòng nhỏ của mình. Anh chạy quanh phòng còn tôi ngồi phả khói và im lặng. Thương anh lắm tất nhiên và buồn vì mọi thứ xảy ra ngốc nghếch thế: chữa bệnh cho người ta gọi là chữa khỏi chứng sầu não.
45,Lỗi của ai? Lỗi của chính tôi. Dỗ đứa bé bằng kẹo mà kẹo thì cất trong ngăn bí mật còn ngăn bí mật lại có mấy chú hung tợn canh giữ... Lúc đó anh ngừng đi lại dừng lại gần tôi và nhìn đi đâu đó sang một bên hỏi lúng túng.
46,Lúc đầu tôi không hiểu anh nghĩ anh tính mua nó ở đâu đó mà mua ở đâu được một thứ như vậy có khi nó là vật duy nhất trên đời mà anh cũng không có đủ tiền cho việc đó: lấy đâu ra tiền – chuyên gia nước ngoài mà lại còn là người Nga?
47,Rồi bỗng như bị bỏng: anh ta đồ bẩn thỉu nghĩ gì – tôi vì mấy tờ xanh mà làm trò này sao? Ô hay tôi nghĩ đồ khốn mày tưởng tao là ai?.. Tôi đã mở miệng định chửi vào đầu vào tim vào gan anh ta. Rồi lại thôi.
48,Vì thực ra thì ai mà không coi tôi như thế? Thợ săn kho báu thì vẫn là thợ săn kho báu kiếm tiền xanh là chính vì tiền xanh mà buôn bán mạng sống. Thế thì hóa ra hôm qua tôi thả mồi câu còn hôm nay lại kéo mồi ra giá.
49,Những ý nghĩ đó làm tôi đến câm lưỡi còn anh nhìn tôi chằm chằm không rời mắt và trong mắt anh tôi không thấy khinh thường mà là sự thấu hiểu. Và lúc đó tôi bình tĩnh giải thích cho anh.
50,Anh ngẩng đầu khỏi bản đồ và nhìn chằm vào cửa sổ. Tôi cũng nhìn vào cửa sổ. Kính cửa sổ của chúng tôi dày chì nặng và sau kính là Vùng hiền mẫu đây rồi tay với tới nhìn thẳng rõ ràng từ tầng mười ba...
51,Tôi đang đến gần nơi tôi phải đến. Xung quanh tôi áp sát vào mặt đường rừng xanh mướt trải dài thỉnh thoảng nhường chỗ cho những bãi cỏ đầy cói vàng. Mặt trời đã lặn từng giờ cứ không chịu lặn hẳn và lơ lửng thấp trên đường chân trời.
52,Xe lăn trên con đường hẹp trải đá dăm giòn. Những hòn đá to tôi để gầm bánh xe cán qua và mỗi lần trong khoang hành lý lại loảng xoảng và ầm ầm tiếng những can rỗng.
53,Từ bên phải trong rừng bước ra hai người bước lên lề đường và dừng lại nhìn về phía tôi. Một người giơ tay. Tôi nhả ga đang quan sát họ.
54,Theo tôi thấy thì đó là những người đi săn những thanh niên có lẽ hơi lớn tuổi hơn tôi một chút. Gương mặt họ làm tôi ưa ngay và tôi dừng xe. Người giơ tay thò mặt ngăm đen mũi khoằm vào xe và hỏi nở nụ cười.
55,Mọi thứ diễn ra như thường lệ. Xe chạy tiếp. Người mũi khoằm quay ra sau và huyên thuyên nói rằng ngồi xe con thì thích hơn đi bộ nhiều. Người có râu ậm ừ tán đồng và cứ đóng mở cửa xe mãi.
56,Phía trước tôi thấy một đống đá lớn đạp phanh và nói: Nắm chặt vào. Xe rung lắc và nhảy lên. Người mũi khoằm bị va mũi vào nòng súng. Động cơ gầm rú đá va vào gầm xe.
57,Chúng tôi vào thành phố. Những hàng rào cổ kính chắc chắn kéo dài những khung nhà gỗ to từ những thân cây khổng lồ đã đen lại với cửa sổ không rộng lắm khung cửa chạm trổ gà gỗ trên mái. Xuất hiện vài tòa nhà gạch bẩn với cửa sắt trông cách mà tôi còn nhớ mang máng từ "kho chứa hàng".
58,Tôi bật đèn tín hiệu đạp phanh và rẽ phải. Đường ở đây mọc đầy cỏ nhưng trước một cổng ngõ nào đó có một chiếc Zaporozhets mới tinh đậu ở đó. Số nhà treo trên cổng chữ số hầu như không nhìn thấy trên tấm biển sét gỉ. Ngõ có cái tên thanh tao: Lukomorye.
59,Ngõ không rộng và bị kẹp giữa những hàng rào cổ xưa nặng nề dựng lên từ thời còn có cướp biển Thụy Điển và Na Uy đây đó.
60,Người mũi khoằm bước ra khỏi xe và khom người chui qua cánh cổng thấp. Sau bức tường xám cao ngất không nhìn thấy nhà. Cổng lớn thật hoành tráng như ở xưởng đầu máy xe lửa trên bản lề sắt gỉ nặng cả pood.
61,Tôi đọc những tấm biển đầy ngạc nhiên. Có ba tấm. Trên cánh cổng bên trái một tấm biển màu xanh trang trọng với chữ bạc óng ánh qua kính dày. NIIЧAВО - Nhà trên chân gà. Di tích cổ Solovetsk.
62,Tôi bước ra khỏi xe và bắt đầu lau kính chắn gió. Phía trên đầu tôi bỗng có tiếng sột soạt. Tôi ngước nhìn. Trên cổng một con mèo khổng lồ – tôi chưa thấy con nào to thế – màu xám đen loang lổ đang sắp xếp chỗ ngồi cho thoải mái.
63,Ngồi xuống rồi nó nhìn tôi bằng đôi mắt vàng no nê và thản nhiên. Meo meo tôi nói tự động. Con mèo lịch sự và lạnh lùng há cái miệng đầy răng phát ra một tiếng khàn khàn trong cổ họng rồi quay đi và nhìn vào trong sân.
64,Chốt cửa kêu lên. Con mèo đứng dậy và lặng lẽ nhảy vào sân. Cánh cổng nặng nề đung đưa tiếng kẽo kẹt và rặc rặc vang lên và cánh cổng trái từ từ mở ra. Khuôn mặt đỏ ửng vì gắng sức của người mũi khoằm hiện ra.
65,Tôi quay vào xe và từ từ lái vào sân. Sân rộng lớn sâu trong sân là ngôi nhà bằng gỗ to còn trước nhà là một cây sồi thấp và rộng lớn dày đặc và tán rộng che phủ mái nhà.
66,Từ cổng đến nhà vòng quanh cây sồi có một con đường lát đá phiến. Bên phải con đường là vườn rau còn bên trái giữa bãi cỏ sừng sững cái khung gỗ của giếng cổ đen kịt và rêu phủ.
67,Bà chủ hẳn đã qua trăm tuổi. Bà đi chậm chạp về phía chúng tôi tựa vào cây gậy có mấu lê những đôi ủng dạ đi giày cao su. Khuôn mặt bà màu nâu sẫm; từ trong khối nếp nhăn dày đặc cái mũi nhô ra phía trước và xuống dưới cong và sắc như một thanh dao còn mắt thì nhạt màu đục lờ như phủ màng.
68,Tôi cúi chào hiểu rằng cần im lặng. Trên đầu bà ngoài chiếc khăn lông đen cột dưới cằm còn đội thêm chiếc khăn voan màu sắc vui tươi in hình tòa nhà Atomium và chữ bằng nhiều thứ tiếng: Triển lãm Quốc tế tại Brussels.
69,Trên cằm và dưới mũi mọc ra những lông xám thưa. Bà mặc áo gi-lê bông và chiếc váy dạ đen.
70,Roman nhướng lông mày trợn mắt nhe răng và lắc đầu nhưng rốt cuộc vẫn bước ra. Tôi nhìn quanh. Đồ đạc trong phòng không nhiều. Ở cửa sổ là chiếc bàn to nặng phủ khăn trải bàn xám cũ kỹ có tua rua trước bàn là chiếc ghế đẩu gãy chân.
71,Sát vách gỗ trần là một chiếc đi-văng rộng trên vách kia dán giấy các loại đủ kiểu là cái mắc áo treo toàn đồ lỉnh kỉnh cũ nát.
72,Vào phòng nhô ra một cái lò sưởi lớn kiểu Nga sáng ngời vôi mới quét còn đối diện ở góc phòng là chiếc gương lớn mờ đục trong khung tróc sơn. Sàn nhà được cạo sạch và trải những tấm thảm sọc.
73,Tôi bước đến cửa sổ và kéo rèm. Ngoài cửa sổ là cây sồi chỉ thấy cây sồi thôi. Tôi nhìn cây sồi. Đây hẳn là một loài cây rất cổ. Vỏ cây màu xám và có vẻ chết chóc còn những rễ cây khổng lồ bò ra khỏi đất được phủ địa y đỏ và trắng.
74,Trên bệ cửa sổ có một cuốn sách dày sờn và bẩn tôi lật xem vô thức rời cửa sổ và ngồi xuống đi-văng. Và ngay lập tức tôi muốn ngủ.
75,Tôi nghĩ rằng hôm nay đã lái xe mười bốn tiếng rằng có lẽ không nên vội đến thế rằng lưng tôi đau và đầu óc rối bời rằng mặc kệ bà già nhàm chán đó chỉ mong mọi thứ kết thúc và có thể nằm xuống ngủ...
76,Tôi bước ra vừa đi vừa rút thuốc lá. Mặt trời cuối cùng đã lặn và đêm trắng xuống. Đâu đó chó sủa. Tôi ngồi xuống chiếc ghế băng ngập trong đất dưới gốc sồi châm thuốc và nhìn bầu trời nhạt màu không sao.
77,Con mèo bỗng xuất hiện từ đâu đó không tiếng động nhìn tôi bằng đôi mắt lân quang rồi nhanh chóng leo lên cây sồi và biến vào trong tán lá tối. Tôi lập tức quên nó và giật mình khi nó cựa quậy ở đâu đó trên cao.
78,Rác bắt đầu rơi xuống đầu tôi. Đồ quỷ... tôi nói to và phủi phủi. Buồn ngủ kinh khủng. Bà già bước ra khỏi nhà không để ý đến tôi lết về phía giếng. Tôi hiểu đây là dấu hiệu giường đã trải xong và quay vào phòng.
79,Bà già khó chịu trải cho tôi nằm dưới sàn. Thôi không được đâu tôi nghĩ khóa cửa lại mang đệm lên đi-văng và bắt đầu cởi quần áo. Ánh sáng u ám chiếu qua cửa sổ con mèo ồn ào cựa quậy trên cây sồi.
80,Tôi lắc đầu giũ rác ra khỏi tóc. Đó là thứ rác kỳ lạ bất ngờ: vảy cá khô lớn. Ngủ sẽ cộm tôi nghĩ ngã người xuống gối và lập tức ngủ thiếp đi.
81,Tôi tỉnh dậy giữa đêm vì trong phòng có tiếng nói chuyện. Hai người đang nói chuyện thì thầm hầu như không nghe thấy. Giọng hai người rất giống nhau nhưng một giọng hơi khàn và khàn đục còn giọng kia thể hiện rõ sự bực bội tột độ.
82,Lại láng giềng không ngủ được tôi nghĩ trong giấc ngủ mơ. Tôi tưởng tượng mình ở nhà. Ở nhà tôi có hai anh em nhà vật lý ở cạnh họ thích làm việc ban đêm. Đến hai giờ sáng thì hết thuốc lúc đó họ chui vào phòng tôi và bắt đầu lục tìm va vào đồ đạc và cằn nhằn nhau.
83,Tiếng giọng nói của mình đánh thức tôi hoàn toàn. Tôi ngồi dậy. Chó sủa ảo não phía sau vách bà già ngáy dữ dội. Cuối cùng tôi nhớ ra mình đang ở đâu. Trong phòng không có ai.
84,Trong ánh sáng nhờ nhờ tôi thấy cái gối và đống đồ rơi từ mắc áo xuống sàn. Bà già sẽ rứt đầu tôi nghĩ và nhảy lên. Sàn lạnh và tôi bước lên những tấm thảm sọc.
85,Bà già ngừng ngáy. Tôi đứng im. Ván sàn kêu cọt kẹt có tiếng lạo xạo và xào xạc ở các góc phòng. Bà già huýt sáo vang và ngáy trở lại. Tôi nhặt cái gối và ném lên đi-văng.
86,Đống đồ lỉnh kỉnh cũ nát bốc mùi chó. Cái mắc áo tuột khỏi đinh và treo lệch một bên. Tôi chỉnh lại và bắt đầu nhặt đồ treo lên. Vừa treo xong cái áo khoác cuối cùng cái mắc lại đứt trượt theo giấy tường và lại treo lõng lẻo trên một cái đinh. Bà già ngừng ngáy và tôi toát mồ hôi lạnh.
87,Đâu đó gần đó gà trống gáy. Vào nồi canh mày tôi nghĩ với lòng căm thù. Bà già phía sau vách bắt đầu trở mình lò xo kẽo kẹt và rắc rắc. Tôi chờ đứng một chân. Ngoài sân ai đó khẽ nói: Đến giờ ngủ rồi hôm nay chúng mình ngồi lâu quá.
88,Tôi nằm nghiêng sang phải kéo chăn lên tận tai nhắm mắt lại và bỗng nhận ra rằng mình hoàn toàn không buồn ngủ – mà đói bụng. Ôi trời tôi nghĩ. Cần phải gấp rút có biện pháp và tôi đã có biện pháp.
89,Ví dụ hệ phương trình tích phân loại phương trình thống kê sao; cả hai hàm ẩn đều nằm dưới dấu tích phân. Giải tất nhiên chỉ có thể theo phương pháp số chẳng hạn trên máy BESM...
90,Tôi nhớ đến cái BESM của chúng tôi. Bảng điều khiển màu kem caramen. Zhenya đặt gói báo lên bảng đó và từ từ gỡ ra.
91,Xúc xích Ba Lan hun khói cắt thành khoanh tròn. Ôi mày phải lấy vợ đi thôi! Tao có thịt viên có tỏi làm tại nhà. Và dưa muối đây. Không hai quả dưa muối... Bốn cái thịt viên và cho tròn số bốn quả dưa muối đúng kiểu và bốn miếng bánh mì phết bơ...
92,Tôi gạt chăn ra và ngồi dậy. Biết đâu trên xe còn thứ gì đó? Không tất cả những gì có ở đó tôi đã ăn hết rồi. Còn lại cuốn sách dạy nấu ăn cho mẹ Valka ở Lezhnevo. Như thế nào ấy nhỉ... Nước sốt piquant. Nửa cốc giấm hai củ hành... và tiêu.
93,Dùng kèm với các món thịt... Giờ tôi vẫn nhớ rõ: kèm với những miếng bít tết nhỏ. Thật khốn nạn tôi nghĩ đâu phải bít tết bình thường mà là bít tết nhỏ. Tôi nhảy lên và chạy đến cửa sổ.
94,Trong không khí đêm thoang thoảng rõ ràng mùi bít tết nhỏ. Từ đâu đó trong đáy tiềm thức nổi lên: Ông ta thường được phục vụ những món thường có trong quán ăn bình dân như: bắp cải muối chua óc trộn đậu dưa chuột muối và chiếc bánh ngàn lớp ngọt muôn thuở... Tìm cách phân tâm đi tôi nghĩ và lấy cuốn sách trên bệ cửa sổ.
95,Đó là Alexei Tolstoy – Buổi sáng ảm đạm. Tôi mở ngẫu nhiên một trang. Makhno bẻ cái chìa khóa hộp cá lấy ra cái dao chuôi ngà với gần năm mươi lưỡi và tiếp tục loay hoay với nó mở những hộp thiếc đựng dứa pâté Pháp tôm hùm mùi tôm hùm tỏa nồng khắp phòng.
96,Tôi nhẹ nhàng đặt cuốn sách xuống và ngồi vào bàn trên cái ghế đẩu. Trong phòng bỗng phát hiện ra mùi thơm thơm cay cay: có lẽ là mùi tôm hùm. Tôi bắt đầu suy nghĩ tại sao đến giờ tôi chưa thử tôm hùm lần nào. Hay là hàu chẳng hạn.
97,Trong Dickens mọi người đều ăn hàu loay hoay với dao xếp cắt những lát bánh mì dày phết bơ... Tôi bắt đầu bồn chồn vuốt phẳng khăn trải bàn. Trên khăn trải bàn có những vết bẩn chưa tẩy sạch.
98,Trên đó người ta đã ăn nhiều và ngon. Họ ăn tôm hùm và óc trộn đậu. Họ ăn bít tết nhỏ với nước sốt piquant. Bít tết to và vừa cũng được ăn. No nê ợ hơi đánh răng thỏa mãn... Tôi thì chẳng có gì để ợ hơi thế là bắt đầu đánh răng.
99,Có lẽ tôi làm điều đó ồn ào và đói bụng quá vì bà già phía sau vách cọ giường kẽo kẹt càu nhàu tức giận va vào thứ gì đó lạch đạch và bỗng bước vào phòng tôi.
100,Bà mặc chiếc áo ngủ dài màu xám tay cầm cái đĩa và ngay lập tức trong phòng lan ra mùi thức ăn thật sự chứ không phải mùi ảo. Bà già mỉm cười. Bà đặt đĩa thẳng trước mặt tôi và cất giọng trầm ấm.
101,Con đường về phía nam thật kinh khủng. Con đường bê tông uốn khúc hẹp gồ ghề gió ngược khó chịu nắng chiếu vào mắt và những chiếc xe bán tải lớn ngược chiều.
102,Nhiều người đặc biệt là nhà phân tâm học hay đến dưỡng sinh ở đây hỏi tôi liệu tôi có cố gắng khi vào trường mùa thu này không. Theo tôi đây là câu hỏi ngớ ngẩn đến kỳ lạ. Làm sao người ta biết trước được mình sẽ làm gì? Không thể biết trước được gì hết!
103,Họa sĩ nhìn vào người thanh niên đẹp đẽ được ông vẽ trong bức chân dung với tài năng tuyệt vời đến thế và nụ cười hài lòng không rời khỏi khuôn mặt ông. Nhưng đột nhiên ông bật đứng dậy và nhắm mắt lại ép các ngón tay vào mí mắt như muốn giữ lại trong ký ức một giấc mơ tuyệt vời và sợ tỉnh giấc.
104,Bước vào phòng họ thấy trên tường bức chân dung tuyệt đẹp của chủ nhân trong toàn bộ vẻ đẹp rực rỡ của tuổi thanh xuân diệu kỳ.
105,Tôi lấy ra tờ giấy từ ngăn kéo và bắt đầu nhớ lại. Tuổi thơ trường học... Đó là quá lâu rồi và đã có vẻ gì đó không thật. Cuộc sống thực sự chỉ bắt đầu vào năm 1916.
106,Một cách giao tiếp trong kinh doanh phổ biến rộng rãi khác ở Hàn Quốc là chơi golf cùng nhau. Ai đó đánh một cú rồi thong thả đi cùng nhau và thảo luận công việc.
107,Theo nghiên cứu cho thấy hai phần ba học sinh trung học ở Hàn Quốc ngủ ít hơn năm tiếng mỗi ngày. Bốn trong số năm người được hỏi thừa nhận rằng ban ngày họ luôn buồn ngủ. Và 84% học sinh trung học có rối loạn giấc ngủ thường xuyên.
108,Người Hàn Quốc học liên tục. Đây thực sự là quá trình mà hầu hết người dân của Xứ sở Bình minh Tĩnh lặng chỉ dừng lại khi qua đời.
109,Trong tiếng Hàn có từ buffet. Đây không phải cái tủ bày đồ hay quán ăn nhỏ mà chúng ta quen biết mà là thứ chúng ta gọi là bàn tiệc kiểu Thụy Điển.
110,Mọi người muốn có câu trả lời cho những câu hỏi nghiêm túc – ví dụ tại sao chúng ta tồn tại ở đây. Không ai mong câu trả lời sẽ đơn giản vì vậy tất cả đều sẵn sàng bỏ công sức cho nó.
111,Theo ý tưởng về tính vô hạn của Vũ trụ đặt câu hỏi về điều gì xảy ra trước Vụ Nổ Lớn cũng vô nghĩa như hỏi phương Nam ở đâu tại Cực Nam.
112,Khi tôi ở Viễn Đông người ta nhờ tôi đừng đề cập đến Vụ Co Lớn lo ngại điều đó có thể ảnh hưởng đến thị trường. Nhưng thị trường vẫn sụp đổ: có lẽ vì thông tin bằng cách nào đó vẫn rò rỉ ra.
113,Người ta nói nếu muốn biết châu Á thật sự – hãy không đến bảo tàng và cung điện mà hãy đến chợ địa phương. Đối với Hàn Quốc khẳng định này cũng hoàn toàn đúng.
114,Ông chưa đến bốn mươi tuổi nhưng đã có cô con gái mười hai tuổi và hai cậu con trai đang học phổ thông. Ông lấy vợ sớm khi còn là sinh viên năm hai và giờ đây vợ trông già hơn ông một rưỡi lần.
115,Sau bữa tối họ bước ra từ phòng ăn sáng rực và nóng nực lên boong tàu và dừng lại ở lan can. Cô nhắm mắt lại lòng bàn tay úp ra ngoài áp lên má cười lên tiếng cười đơn giản dễ thương.
116,Con tàu đang chạy nhanh chạm nhẹ vào bến tàu tối mờ mờ và họ suýt ngã vào nhau. Phía trên đầu vèo qua đầu dây thừng rồi đẩy ngược trở lại và ầm ầm bọt nước sôi cầu thang ầm ầm...
117,Phố vắng tanh. Những ngôi nhà đều như nhau trắng hai tầng kiểu lái buôn với khu vườn to và có vẻ như trong đó chẳng có bóng người nào.
118,Ông trở về khách sạn mệt mỏi đến mức như vừa trải qua một cuộc hành trình dài ở đâu đó Turkestan hay Sahara. Ông thu hết sức lực còn lại bước vào căn phòng to và trống rỗng của mình.
119,Khi xuống bến tàu trên sông Volga đã ửng lên đêm hè xanh thẫm mùa hè và đã có nhiều ánh đèn đủ màu rải rác trên sông và ánh đèn lơ lửng trên cột buồm của con tàu đang tiến gần.
120,Ông đến nhà thờ nơi đang hát to vui tươi và dứt khoát với ý thức về nghĩa vụ đã được thực hiện rồi đi bộ lâu loanh quanh trong khu vườn nhỏ nóng và bỏ hoang trên vách núi bên trên bề mặt rộng lớn sáng bóng màu thép nhạt của dòng sông...
121,Sáng sớm trước khi trời sáng Alyosha bị đánh thức dậy.
122,Ông còn tỉnh táo hoàn toàn; khuôn mặt ông dù rất mệt mỏi nhưng sáng sủa gần như vui vẻ và ánh mắt tươi sáng thân thiện mời gọi.
123,Có thể hôm nay tôi sẽ không qua được ngày này ông nói với Alyosha; rồi ông mong muốn xưng tội và rước lễ ngay lập tức.
124,Trong khi đó ngày đã đến. Người ta bắt đầu đến từ tu viện.
125,Khi lễ kết thúc trưởng lão muốn từ biệt tất cả mọi người và hôn tất cả.
126,Ông nói và dạy bao lâu còn có thể giọng ông dù yếu ớt nhưng vẫn còn khá vững.
127,Bao nhiêu năm dạy các con và do đó bấy nhiêu năm nói to đến mức như đã lấy thói quen nói chuyện và khi nói thì dạy các con.
128,Alyosha sau đó còn nhớ vài điều ông đã nói lúc đó. Dù ông nói rõ ràng và dù giọng còn đủ vững nhưng lời lẽ ông khá thiếu mạch lạc.
129,Ông nói về nhiều điều có vẻ như muốn nói hết mọi thứ bày tỏ tất cả thêm một lần nữa trước phút lìa đời.
130,Đừng sợ tội lỗi của mình dù đã nhận ra nó miễn là có sự ăn năn; nhưng đừng mặc cả với Thượng Đế.
131,Tuy nhiên trưởng lão nói rời rạc hơn so với những gì được trình bày ở đây và như Alyosha ghi lại sau đó.
132,Đôi khi ông ngừng nói hoàn toàn như đang tập hợp sức lực thở hổn hển nhưng dường như trong trạng thái xuất thần.
133,Người ta lắng nghe ông với sự cảm động dù nhiều người ngạc nhiên vì những lời ông và thấy trong đó có sự tối nghĩa...
134,Rồi sau đó tất cả những lời đó được nhớ lại.
135,Sự mong đợi trong một số người gần như là lo lắng ở người khác thì trang nghiêm.
136,Vấn đề là như thế này. Khi giáo sư đưa con mắt thiên tài của mình vào thị kính lần đầu tiên trong cuộc đời ông chú ý đến việc trong cuộn xoắn nhiều màu sắc có một tia sáng đặc biệt nổi bật rõ ràng và đậm đặc.
137,Trong đó trong tia sáng giáo sư nhìn thấy điều gì đó quan trọng và có ý nghĩa hơn ngàn lần so với bản thân tia sáng đứa trẻ mỏng manh vô tình được sinh ra khi gương và thấu kính kính hiển vi di chuyển.
138,Không biết đã bao lâu anh ta vật lộn với những "pút-xơ-ska" này rồi và theo tôi thì hoàn toàn vô ích cho nhân loại. Ở vào vị trí của anh ta tôi đã từ lâu bỏ cuộc và làm việc gì khác với cùng mức lương đó.
139,Tôi ở bên anh từ đầu nhưng đến nay vẫn không hiểu rõ anh đang tìm kiếm điều gì từ chúng thật lòng mà nói thì tôi cũng không mấy muốn hiểu. Để anh tự hiểu tự tìm ra lúc đó có thể tôi sẽ lắng nghe.
140,Rồi lúc đó mọi thứ sẽ trở nên rõ ràng với anh sẽ được vinh dự và ca ngợi và toàn bộ khoa học thế giới sẽ rùng mình vì sung sướng. Nhưng hiện tại theo tôi hiểu còn rất lâu mới đến được đó. Anh chưa đạt được gì chỉ kiệt sức hoàn toàn trở nên xám xịt.
141,Lúc đầu tôi không hiểu anh nghĩ anh định mua nó ở đâu đó nhưng mua ở đâu được thứ như vậy có lẽ nó là vật duy nhất như thế trên đời mà anh cũng không đủ tiền để mua.
142,Nhìn vào đó thì thấy – đất như đất. Mặt trời chiếu vào nó như chiếu vào mảnh đất còn lại và dường như không có gì thay đổi mọi thứ vẫn như mười ba năm trước.
143,Tôi đang tiến đến nơi tôi phải đến. Xung quanh tôi áp sát mặt đường rừng xanh mướt trải dài thỉnh thoảng nhường chỗ cho những bãi đầy cỏ vàng.
144,Mặt trời đã lặn từng giờ không sao lặn được và cứ lơ lửng thấp trên đường chân trời. Xe lăn trên con đường hẹp trải đá dăm giòn. Những hòn đá to tôi để gầm bánh xe cán qua và mỗi lần trong khoang hành lý lại kêu loảng xoảng và ầm ầm tiếng những can rỗng.
145,Từ bên phải trong rừng bước ra hai người bước lên lề đường và dừng lại nhìn về phía tôi. Một người giơ tay. Tôi nhả ga đang quan sát họ. Theo tôi thấy thì đó là những người đi săn những thanh niên có lẽ hơi lớn tuổi hơn tôi một chút. Gương mặt họ làm tôi ưa ngay và tôi dừng xe.
146,Người thứ hai có râu đỏ và không có ria cũng mỉm cười nhìn ra từ sau vai anh kia. Nhìn chung họ đúng là những người dễ mến.
147,Lên xe ngồi đi tôi nói. Một người ngồi trước một người ngồi sau không thì ở ghế sau tôi có đồ đạc. Ân nhân ơi! người mũi khoằm vui mừng kêu lên cởi súng khỏi vai và ngồi cạnh tôi. Người có râu nhìn do dự vào cửa sau hỏi: Tôi có thể ngồi ở đây được không?
148,Tôi nghiêng người qua tựa ghế và giúp anh ta dọn chỗ đang bị túi ngủ và tấm lều cuộn lại chiếm. Anh ta ngồi xuống một cách tế nhị đặt súng giữa hai đầu gối. Đóng cửa cho chặt vào tôi nói. Mọi thứ diễn ra như thường lệ. Xe chạy. Người mũi khoằm quay ra sau và huyên thuyên nói rằng ngồi xe con thì thích hơn đi bộ nhiều.
149,Xếp gọn áo choàng lại tôi khuyên nhìn anh ta qua gương chiếu hậu. Áo choàng của anh bị kẹp. Khoảng năm phút sau mọi thứ cuối cùng cũng ổn. Tôi hỏi: Còn khoảng mười kilômét đến Solovets không? Vâng người mũi khoằm đáp. Hay hơn một chút. Đường thật ra không tốt lắm – cho xe tải.
150,Đường khá ổn tôi phản đối. Người ta bảo tôi rằng tôi sẽ không đi qua được luôn. Đường này thậm chí mùa thu cũng có thể đi được. Ở đây thì có thể nhưng từ Korobets là đường đất. Năm nay mùa hè khô mọi thứ đã ráo cả.
151,Ai nói thế? người mũi khoằm hỏi. Merlin nói. Không hiểu sao họ cười. Tôi rút thuốc lá ra châm thuốc và mời họ hút. Nhà máy Clara Zetkin người mũi khoằm nói ngắm gói thuốc. Anh từ Leningrad à? Vâng.
152,Đi du lịch à? Du lịch tôi nói. Còn các anh là dân địa phương à? Thổ dân người mũi khoằm nói. Tôi từ Murmansk người có râu nói. Với người Leningrad thì Solovets hay Murmansk cũng giống nhau: miền Bắc.
153,Không sao lại thế tôi nói lịch sự. Anh sẽ dừng ở Solovets? người mũi khoằm hỏi. Dĩ nhiên tôi nói. Tôi đến Solovets. Anh có người thân hay quen biết ở đó không? Không tôi nói. Chỉ chờ mấy người bạn. Họ đi theo bờ biển còn Solovets là điểm hẹn của chúng tôi.
154,Phía trước tôi thấy một đống đá lớn đạp phanh và nói: Nắm chặt vào. Xe rung lắc và nhảy lên. Người mũi khoằm bị va mũi vào nòng súng. Động cơ gầm rú đá va vào gầm xe.
155,Tội nghiệp xe người mũi khoằm nói. Biết làm sao... tôi nói. Không phải ai cũng chạy xe của mình trên con đường như thế này. Tôi thì chạy được tôi nói.
156,Đống đá kết thúc. À vậy là xe không phải của anh người mũi khoằm đoán ra. Làm gì có xe! Đây là xe thuê. Rõ rồi người mũi khoằm nói theo tôi thấy có vẻ thất vọng.
157,Tôi thấy mình bị xúc phạm. Mua xe để chạy trên đường nhựa thì có ý nghĩa gì? Ở nơi có đường nhựa thì chẳng có gì thú vị còn nơi thú vị thì không có đường nhựa.
158,Đương nhiên người mũi khoằm lịch sự đồng ý. Theo tôi thì biến xe thành thần tượng là ngốc nghếch tôi tuyên bố. Ngốc nghếch người có râu nói. Nhưng không phải ai cũng nghĩ thế.
159,Chúng tôi nói chuyện về xe cộ và đi đến kết luận rằng nếu đã mua thứ gì thì nên mua GAZ-69 xe địa hình nhưng tiếc thay chúng không được bán.
160,Rồi người mũi khoằm hỏi: Anh làm việc ở đâu? Tôi trả lời. Tuyệt vời! người mũi khoằm kêu lên. Lập trình viên! Chúng tôi cần đúng một lập trình viên. Nghe này bỏ viện của anh đi và đến với chúng tôi! Các anh có gì nào? Các anh có gì nào?
161,Chúng tôi có gì? người mũi khoằm hỏi và quay lại. Aldan-3 người có râu nói. Máy giỏi tôi nói. Và chạy tốt không? Thì phải nói thế nào nhỉ... Rõ rồi tôi nói. Thực ra chưa điều chỉnh xong người có râu nói. Ở lại với chúng tôi anh sẽ điều chỉnh...
162,Còn chuyển công tác thì chúng tôi lo trong nháy mắt người mũi khoằm thêm vào. Các anh làm gì? tôi hỏi. Như mọi ngành khoa học khác người mũi khoằm nói. Hạnh phúc của nhân loại.
163,Hay khóc lóc ủy mị cáu kỉnh chuyển thành trầm cảm với chứng loạn thần kinh và hung hăng. Trí tuệ giảm sút. Âm nhạc và sách vở trở nên không còn thú vị với cô. Đồ rác rưởi từ bãi phế liệu bắt đầu được kéo về nhà.
164,Ông tự bắn chết mình khi nhận ra điều này. Liệu pháp điện đã giết chết trong ông khả năng viết lách và niềm vui sống. Trước nguy cơ mắc Alzheimer ông nghĩ đến an tử và tôi hoàn toàn hiểu họ. Những nỗi đau thể xác thì người xung quanh có thể hiểu được và chia sẻ phần nào.
165,Đã nhiều năm trôi qua nhưng khuôn mặt anh đeo kính gọng sừng bị dạng ra vì cái cười điên loạn mái tóc bù xù xoăn tít đang bạc dần chiếc áo phông ngọc lam và quần jean.
166,Tháng Giêng. Ngoài đường tuyết xuống đến đầu gối còn tôi vừa tròn 13 tuổi được một tuần. Tôi ngồi ở nhà buổi tối xem ti-vi phơi quần áo vừa lăn trong tuyết ban ngày. Lúc đó tôi sống với bố và ông gần như không ở nhà cả ngày: khi thì giúp bà nội.
167,Cái chết trong số tất cả những điều đáng sợ của con người không phải là điều tồi tệ nhất tôi đã viết về điều này rồi. Bệnh tật đau khổ sỉ nhục mất người thân - trên đời có đầy những thứ mà so với chúng cái chết trông như câu trả lời cho bảy tai họa.
168,Bức thư trên tờ giấy có tiêu đề nằm trên bàn đầu giường trong vòng sáng đèn và bên cạnh là người bạn đồng hành của chứng mất ngủ khó chịu chiếc gạt tàn đầy tàn thuốc.
169,Tôi hé cánh cửa vào phòng ăn. Khuôn mặt người chăm sóc bệnh nhân nhìn tôi từ trong bóng tối và tôi thấy ngay rằng nó tái nhợt mắt mở to hoảng loạn.
170,Người đàn ông không đội mũ mặc quần bạt xám đi dép da kiểu tu sĩ trên chân trần và áo sơ mi trắng không cổ cúi đầu bước ra từ cánh cổng thấp của ngôi nhà số 16.
171,Trong thời kỳ bất ổn đó mọi thứ do bàn tay con người tạo ra đều phục vụ tệ hơn trước: những ngôi nhà không che được cái lạnh thức ăn không đủ no.
172,Có lẽ người di dân phát điên vì bán báo trên những cánh đồng nhựa đường của Paris nhớ lại con đường làng Nga như một chi tiết mê hồn của phong cảnh quê hương.
173,Có điều gì đó đặc biệt giả tạo trong việc anh ta đặt tay lên vai cậu bé kia như người cha.
174,Ở đây có nhiều đèn lồng và những người qua đường những người đàn ông và phụ nữ vội vàng còng lưng dưới cơn mưa nhiều ngày.
175,Ở đây có những tủ kính được chiếu sáng và lối vào rạp chiếu phim tắm trong ánh đèn neon nơi dưới mái hiên đứng đông những người trẻ rất giống nhau không rõ giới tính trong những chiếc áo mưa bóng dài đến tận gót.
176,Người thanh niên lại đến với chiếc cặp đặt cặp ở chỗ trống bên cạnh anh ta.
177,Đọc xong thực đơn cho người phục vụ họ lặng lẽ nhìn vào khoảng không.
178,Động cơ gầm lên cửa đóng sầm lại và chiếc xe buýt khổng lồ trống rỗng lăn bánh trở lại thành phố.
179,Tất cả các gia đình hạnh phúc đều giống nhau mỗi gia đình bất hạnh thì bất hạnh theo cách riêng. Nhà Oblonsky đã hỗn loạn. Người vợ biết chuyện chồng đã có quan hệ với người gia sư Pháp từng ở trong nhà họ và tuyên bố với chồng rằng không thể sống cùng nhà với ông ta. Tình trạng này đã kéo dài ba ngày và cả đôi vợ chồng lẫn mọi thành viên trong gia đình đều cảm thấy đau khổ.
180,Stepan Arkadyich nhận và đọc tờ báo tự do không phải báo cực đoan mà là loại báo mà đa số theo. Và mặc dù khoa học nghệ thuật hay chính trị không thực sự thu hút ông ông vẫn kiên định giữ những quan điểm về tất cả những vấn đề này mà đa số và tờ báo của ông theo và chỉ thay đổi chúng khi đa số thay đổi.
181,Nghe thấy tiếng bước chân của chồng bà dừng lại nhìn vào cánh cửa và cố công vô vọng để khuôn mặt mình mang vẻ nghiêm khắc và khinh bỉ.
182,Hôn ông cuối cùng vào khuôn mặt đỏ ửng vì tư thế cúi xuống và sáng ngời vì trìu mến cô bé gỡ tay ra và muốn chạy lại; nhưng người cha giữ cô lại.
183,Ông nhận thức rằng mình yêu cậu bé kém hơn và luôn cố gắng đối xử công bằng; nhưng cậu bé cảm nhận được điều đó và không đáp lại nụ cười lạnh lùng của cha bằng nụ cười của mình.
184,Cô bé biết rằng giữa cha và mẹ có chuyện cãi vã và rằng mẹ không thể vui vẻ được và rằng cha phải biết điều đó và rằng ông đang giả vờ khi hỏi nhẹ nhàng về điều đó. Và cô đỏ mặt thay cho cha.
185,Ông lấy từ lò sưởi nơi hôm qua ông đặt đó chiếc hộp kẹo và đưa cho cô hai cái chọn loại cô thích nhất kẹo sô-cô-la và kẹo sữa.
186,Stepan Arkadyich lấy mũ và dừng lại nhớ lại xem có quên gì không. Hóa ra ông không quên gì trừ thứ ông muốn quên – vợ.
187,Nụ cười ngốc nghếch đó ông không thể tha thứ cho bản thân. Nhìn thấy nụ cười đó Dolly giật mình như vì đau thể xác bùng lên với tính nóng nảy vốn có của mình thành một dòng những lời cay nghiệt và chạy khỏi phòng. Từ đó bà không muốn gặp mặt chồng.
188,Ông thậm chí cho rằng bà kiệt sức già đi không còn xinh đẹp và không có gì đáng chú ý chỉ là người mẹ gia đình đơn giản và tốt bụng vì lẽ công bằng phải độ lượng.
189,Không có câu trả lời nào khác ngoài câu trả lời chung mà cuộc sống trao cho tất cả những câu hỏi phức tạp và khó giải nhất. Câu trả lời đó là: hãy sống theo những nhu cầu của ngày nghĩa là hãy quên lãng đi.
190,Thay vì tức giận phủ nhận thanh minh xin lỗi hoặc thậm chí thờ ơ – bất cứ điều gì cũng tốt hơn những gì ông đã làm! – khuôn mặt ông hoàn toàn bất giác hoàn toàn bất giác đột nhiên mỉm cười nụ cười quen thuộc tốt bụng và do đó ngốc ngếch.
191,Có lẽ ông đã che giấu những tội lỗi của mình khỏi bà tốt hơn nếu ông đã biết trước rằng tin tức đó sẽ tác động đến bà như thế.
192,Mắt Stepan Arkadyich ánh lên vui vẻ và ông chìm vào suy nghĩ mỉm cười. Phải thật tuyệt vời rất tuyệt vời. Còn nhiều thứ tuyệt vời ở đó nhưng không nói được thành lời. Và nhận thấy vệt sáng lọt qua bên cạnh một trong những tấm rèm dạ ông vui vẻ duỗi chân khỏi đi-văng tìm đôi dép do vợ thêu bọc da vàng và theo thói quen chín năm vươn tay đến chỗ treo áo choàng. Và lúc đó ông chợt nhớ ra tại sao ông ngủ trong phòng làm việc; nụ cười tắt khỏi khuôn mặt ông ông nhăn mặt.
193,Tình trạng này đã kéo dài ba ngày và cả hai vợ chồng lẫn tất cả các thành viên trong gia đình và người ở đều cảm thấy đau khổ. Tất cả thành viên gia đình cảm thấy rằng không có ý nghĩa gì trong việc chung sống với nhau và rằng ở bất kỳ quán trọ nào những người tình cờ gặp nhau cũng gắn kết với nhau hơn họ.
194,Người vợ không ra khỏi phòng của mình còn chồng thì đã ba ngày không về nhà. Những đứa trẻ chạy khắp nhà như lạc lối; cô gia sư người Anh đã cãi nhau với quản gia và viết thư nhờ cô bạn tìm chỗ làm mới; người đầu bếp đã bỏ ra ngoài hôm qua ngay giữa bữa ăn; còn con bếp đen và người đánh xe đòi thôi việc.
195,Khó chịu nhất là khoảnh khắc đầu tiên khi ông trở về từ nhà hát vui vẻ và hài lòng tay cầm quả lê to cho vợ không tìm thấy vợ trong phòng khách; ngạc nhiên thay cũng không tìm thấy bà trong phòng làm việc và cuối cùng thấy bà trong phòng ngủ với bức thư bất hạnh đã tiết lộ tất cả mọi thứ trên tay.
196,Và khi nhớ lại điều này như thường xảy ra điều hành hạ Stepan Arkadyich không phải là bản thân sự kiện mà là cách ông đã trả lời những lời của vợ.
197,Bà hài lòng hạnh phúc với những đứa con tôi không can thiệp vào bất cứ điều gì để bà tự do với con cái với việc nhà theo ý muốn của mình. Đúng là không hay khi bà là người gia sư trong nhà chúng ta. Không hay.
198,Rừng này nhất thiết phải bán; nhưng bây giờ trước khi hòa giải với vợ không thể bàn đến chuyện đó được. Điều khó chịu nhất là ở đây đan xen vào việc sắp tới về hòa giải với vợ một mối lợi ích về tiền bạc.
199,Stepan Arkadyich ngồi xuống đọc thư. Một bức thư rất khó chịu – từ người lái buôn đang mua khu rừng trong điền trang của vợ.
200,Mặc xong quần áo Stepan Arkadyich xịt nước hoa lên người kéo thẳng ống tay áo theo thói quen nhét thuốc lá ví diêm đồng hồ có hai dây chuyền và bùa vào túi phủi phẩy khăn tay cảm thấy mình sạch sẽ thơm tho khỏe mạnh và vui vẻ về mặt thể chất dù đang bất hạnh bước ra khỏi phòng vào phòng ăn nơi đã có cà phê chờ sẵn và bên cạnh cà phê là thư từ và công văn từ cơ quan.
201,Xé bức điện ra ông đọc đoán ra những chữ bị viết sai như thường xảy ra và khuôn mặt ông sáng rực lên.
202,Matvey đút hai tay vào túi áo gi-lê chống một chân ra và lặng lẽ vui vẻ mỉm cười nhẹ nhàng nhìn ông chủ của mình.
203,Họ bỏ chiếc hộp đang đóng vai tàu hỏa lại và đi vào gặp cha.
204,Vâng! Bà ấy sẽ không tha thứ và không thể tha thứ. Và kinh khủng nhất là tất cả lỗi tại tôi tại tôi mà lại không có lỗi. Đó chính là thảm kịch ông nghĩ. Ôi ôi ôi! ông kêu lên tuyệt vọng nhớ lại những ấn tượng đau đớn nhất với mình từ cuộc cãi vã đó.
205,Stepan Arkadyich không trả lời mà chỉ nhìn Matvey trong gương; trong cái nhìn mà họ gặp nhau trong gương thấy rõ rằng họ hiểu nhau thế nào. Cái nhìn của Stepan Arkadyich như hỏi: Sao anh lại nói vậy? Chứ anh không biết sao?
206,Stepan Arkadyich đã rửa mặt và chải tóc xong và sắp mặc quần áo thì Matvey bước chậm rãi bằng đôi giày da kẽo kẹt trên tấm thảm mềm tay cầm bức điện quay lại phòng. Người thợ cạo đã ra về rồi.
207,Ông cúi đầu xuống và khuôn mặt đẹp đẽ của ông mang vẻ u sầu.
208,Ông không thể ăn năn vì việc ông một người ba mươi bốn tuổi đẹp trai hay đa tình không yêu vợ người mẹ của năm đứa con còn sống và hai đứa đã mất chỉ kém ông một tuổi.
209,Lúc đó ông trải qua điều xảy ra với người ta khi họ bất ngờ bị vạch trần trong điều gì đó quá đáng xấu hổ. Ông không kịp chuẩn bị khuôn mặt cho tình huống ông phải đối mặt trước mặt vợ sau khi tội lỗi của ông bị lộ.
210,Ông chỉ ăn năn về việc ông không biết cách che giấu tốt hơn trước mặt vợ.
211,Cô bé người con gái cưng của cha chạy vào ôm ông và cười vang treo lủng lẳng trên cổ ông như thường lệ vui mừng với mùi nước hoa quen thuộc tỏa ra từ hai mái tóc mai của ông.
212,Ngày thứ ba sau cuộc cãi vã công tước Stepan Arkadyich Oblonsky – Stiva theo cách gọi trong giới thượng lưu – vào giờ thường lệ tức là tám giờ sáng tỉnh dậy không phải trong phòng ngủ của vợ mà trong phòng làm việc của mình trên chiếc đi-văng bọc da.
213,Bà ấy Dolly luôn bận rộn và tất bật và thiếu sâu sắc như ông vẫn nghĩ ngồi bất động với bức thư trên tay và nhìn ông với vẻ kinh hoàng tuyệt vọng và tức giận.
214,Nhưng nụ cười vui vẻ đó ngay lập tức nhắc ông nhớ đến tất cả và ông chìm vào suy nghĩ.
215,Bà cảm thấy mình sợ ông và sợ cuộc gặp mặt sắp tới.
216,Đọc xong báo uống hết tách cà phê thứ hai và chiếc bánh mì với bơ ông đứng dậy phủi vụn bánh khỏi áo gi-lê và phồng ngực rộng ra mỉm cười vui vẻ không phải vì trong lòng có điều gì đặc biệt dễ chịu – nụ cười vui vẻ được gây ra bởi tiêu hóa tốt.
217,Ông lăn tấm thân tròn trịa được chăm chút kỹ càng trên đệm lò xo của đi-văng như muốn ngủ lại một lúc lâu nữa từ phía bên kia ôm chặt chiếc gối và áp má vào đó; nhưng bỗng ngồi bật dậy ngồi trên đi-văng và mở mắt ra.
218,Bà vẫn nói rằng sẽ bỏ ông đi nhưng cảm thấy rằng điều đó là không thể; điều đó không thể vì bà không thể bỏ thói quen coi ông là chồng mình và yêu ông.
219,Bà nội trách ông vì đã thuyết phục đứa cháu đi trượt tuyết.
220,Ở bờ biển Lukomorye có cây sồi xanh trên cây sồi ấy có dây chuyền vàng và ngày đêm con mèo uyên bác cứ đi đi lại lại theo dây chuyền vòng quanh.
221,Không thể quên đi trong giấc ngủ nữa ít nhất là cho đến đêm không thể quay lại với bản nhạc mà những người phụ nữ-bình thủy tinh đã hát; vậy thì phải chìm vào giấc ngủ thôi.
