1,Стоим это мы с ним в хранилище уже вечером, остается только спецовки сбросить, и можно закатиться в "Боржч", принять в организм капельку-другую крепкого. 
2,Я стою просто так, стену подпираю, свое отработал и уже держу наготове сигаретку, курить хочется дико, два часа не курил, а он все возится со своим добром: 
3,один сейф загрузил, запер и опечатал, теперь другой загружает, берет с транспортера "пустышки", каждую со всех сторон осматривает (а она тяжелая, сволочь, шесть с половиной кило, между прочим) и с кряхтеньем аккуратненько водворяет на полку. 
4,Сколько уже времени он с этими "пустышками" бьется, и, по-моему, без всякой пользы для человечества. На его месте я давным-давно бы уже плюнул и чем-нибудь другим занялся за те же деньги.
5,Хотя, с другой стороны, если подумать, "пустышка" действительно штука загадочная и какая-то невразумительная, что ли. 
6,Сколько я их на себе перетаскал, а все равно, каждый раз как увижу - не могу, поражаюсь. 
7,Всего-то в ней два медных диска с чайное блюдце, миллиметров пять толщиной, и расстояние между дисками миллиметров четыреста, и кроме этого расстояния, ничего между ними нет. 
8,То есть совсем ничего, пусто. Можно туда просунуть руку, можно и голову, если ты совсем обалдел от изумления, - пустота и пустота, один воздух. 
9,И при всем при том что-то между ними, конечно, есть, сила какая-то, как я это понимаю, потому что ни прижать их, эти диски, друг к другу, ни растащить их никому еще не удавалось. 
10,Нет, ребята, тяжело эту штуку описать, если кто не видел, очень уж она проста на вид, особенно когда приглядишься и поверишь наконец своим глазам. 
11,Это все равно что стакан кому-нибудь описывать или, не дай бог, рюмку: только пальцами шевелишь и чертыхаешься от полного бессилия. 
12,Ладно, будем считать, что вы все поняли, а если кто не понял, возьмите институтские "Доклады" - там в любом выпуске статьи про эти "пустышки" с фотографиями.
13,В общем, Кирилл бьется с этими "пустышками" уже почти год. Я у него с самого начала, но до сих пор не понимаю толком, чего он от них добивается, да, честно говоря, и понять особенно не стремлюсь.
14,Пусть он сначала сам поймет, сам разберется, вот тогда я его, может быть, послушаю. 
15,А пока мне ясно одно: надо ему во что бы то ни стало какую-нибудь "пустышку" раскурочить, кислотами ее протравить, под прессом расплющить, расплавить в печи.
16,И вот тогда станет ему все понятно, будет ему честь и хвала, и вся мировая наука содрогнется от удовольствия. Но покуда, как я понимаю, до этого еще очень далеко. 
17,Ничего он покуда не добился, замучился только вконец, серый какой-то стал, молчаливый, и глаза у него сделались как у больного пса, даже слезятся. 
18,Будь на его месте кто еще, напоил бы я его как лошадь, свел бы к хорошей девке, чтобы расшевелила, а на утро бы снова напоил и снова к девке, к другой, и был бы он у меня через неделю как новенький, уши торчком, хвост пистолетом. 
19,Только вот Кириллу это лекарство не подходит, не стоит и предлагать, не та порода.
20,Стоим, значит, мы с ним в хранилище, смотрю я на него, какой он стал, как у него глаза запали, и жалко мне его стало, сам не знаю как. 
21,И тогда я решился. То есть даже не сам я решился, а словно меня кто-то за язык потянул.
22,Он живо сунул "пустышку" в сейф, прихлопнул дверцу, запер на три с половиной оборота, и пошли мы с ним обратно в лабораторию. 
23,За пустую "пустышку" Эрнест дает четыреста монет наличными, а за полную я бы из него, всю его поганую кровь выпил, но хотите верьте, хотите нет, а я об этом даже не подумал, потому что Кирилл у меня ну просто ожил, снова стал как струна, аж звенит весь, и по лестнице скачет через четыре ступеньки, закурить человеку не дает. 
24,В общем, все я ему рассказал: и какая она, и где лежит, и как к ней лучше всего подобраться. 
25,Он сразу же вытащил карту, нашел этот гараж, пальцем его прижал и посмотрел на меня, и, ясное дело, сразу все про меня понял, да и чего здесь было не понять!.
26,Как бы не виднее! Конечно, это он свеликодушничал, для меня старался: третий лишний, сбегаем вдвоем, и все будет шито-крыто, никто про тебя не догадается. 
27,Да только я знаю, институтские вдвоем в Зону не ходят. У них такой порядок: двое дело делают, а третий смотрит и, когда его потом спросят, - расскажет.
28,Остин парень неплохой, смелость и трусость у него в нужной пропорции, но он, по-моему, уже отмеченный. Кириллу этого не объяснишь, но я-то вижу: вообразил человек о себе, будто Зону знает и понимает до конца, значит, скоро гробанется. И пожалуйста. Только без меня.
29,В общем, он остался сидеть над картой, а я поскакал прямиком в "Боржч", потому что жрать хотелось невмоготу и в глотке пересохло. 
30,Ладно. Являюсь я утром, как всегда, к девяти, предъявляю пропуск, а в проходной дежурит этот дылдоватый сержант, которому я в прошлом году дал хорошенько, когда он по пьяному делу стал приставать к Гуте.
31,А сам думаю: это что еще за новости? Какого это понадобился я капитану Херцогу в служебное время? Ладно, иду являться. У него кабинет на третьем этаже, хороший кабинет, и решетки там на окнах, как в полиции
32,Сам Вилли сидит за своим столом, сипит своей трубкой и разводит себе писанину на машинке, а в углу копается в железном шкафу какой-то сержантик, новый какой-то, не знаю я его.
33,У нас в институте этих сержантов больше, чем в дивизии, да все такие дородные, румяные, кровь с молоком, – им в Зону ходить не надо, и на мировые проблемы им наплевать.
34,Ну, я пошел в раздевалку, натянул спецовочку, закурил, а сам все время думаю: откуда же это звон идет? Ежели из института, то ведь это все вранье, никто здесь про меня ничего не знает и знать не может.
35,А если телегу из полиции прислали... опять-таки, что они там могут знать, кроме моих старых дел? Может, Стервятник попался? Эта сволочь, чтобы себя выгородить, кого хочешь утопит. Но ведь и Стервятник обо мне теперь ничего не знает...
36,Думал я, думал, ничего полезного не придумал и решил – наплевать! Последний раз ночью я в Зону ходил три месяца назад, хабар почти весь уже сбыл и деньги почти все растратил. С поличным не поймали, а теперь черта меня возьмешь, я скользкий.
37,Но тут, когда я уже поднимался по лестнице, меня вдруг осенило, да так осенило, что я вернулся в раздевалку, сел и снова закурил. Получалось, что в Зону-то мне идти сегодня нельзя. И завтра нельзя, и послезавтра.
38,Получалось, что я опять у этих легавых жаб на заметке, не забыли они меня, а если и забыли, то им кто-то напомнил. И теперь уже неважно, кто именно.
39,Никакой же сталкер, если он совсем не свихнулся, на пушечный выстрел к Зоне не подойдет, когда знает, что за ним следят. Мне сейчас в самый темный угол залезть надо. Какая, мол, Зона?
40,Я туда, мол, и по пропускам-то не хожу который месяц! Что вы, понимаешь, привязались к честному лаборанту?
41,Обдумал я все это и вроде бы даже облегчение почувствовал, что в Зону мне сегодня идти не надо. Только как это все поделикатнее сообщить Кириллу?
42,Сначала он, конечно, вылупил на меня глаза. Потом, видно, что-то сообразил: взял меня за локоть, отвел к себе в кабинетик, усадил за свой столик, а сам примостился рядом на подоконнике.
43,Он обмяк. Опять у него несчастный вид сделался, и опять у него глаза стали как у больного пуделя. Передохнул он этак судорожно, закурил новую сигарету от окурка старой и тихо говорит.
44,Посмотрел он на меня как-то странно, соскочил с подоконника и стал ходить по своему кабинетику взад-вперед. Он по кабинетику бегает, а я сижу, дым пускаю и помалкиваю. Жалко мне его, конечно, и обидно, что так по-дурацки получилось: вылечил, называется, человека от меланхолии.
45,А кто виноват? Сам я и виноват. Поманил дитятю пряником, а пряник-то в заначке, а заначку сердитые дяди стерегут... Тут он перестает бегать, останавливается около меня и, глядя куда-то вбок, неловко спрашивает.
46,Я сначала его не понял, подумал сначала, что он ее еще где-нибудь купить рассчитывает, да только где ее такую купишь, может быть, она всего одна такая на свете, да и денег у него на это не хватило бы: откуда у него деньги – у иностранного специалиста, да еще русского?
47,А потом меня словно обожгло: что же это он, поганец, думает – я из-за зелененьких эту бодягу развел? Ах ты, думаю, стервец, да за кого же ты меня принимаешь?.. Я уже рот раскрыл, чтобы обложить его в бога, в сердце, в печень. И осекся
48,Потому что, действительно, а за кого ему меня еще принимать? Сталкер – он сталкер и есть, ему бы только зелененьких побольше, он за зелененькие жизнью торгует. Вот и получалось, что вчера я, значит, удочку забросил, а сегодня приманку вожу, цену набиваю.
49,У меня даже язык отнялся от таких мыслей, а он на меня смотрит пристально, глаз не сводит, и в глазах его я вижу не презрение даже, а понимание, что ли. И тогда я спокойно ему объяснил.
50,Поднял он голову от карты и уставился в окно. И я тоже уставился в окно. Стекла в наших окнах толстые, свинцовые, а за стеклами – Зона-матушка, вот она, рукой подать, вся как на ладони с тринадцатого этажа...
51,Я приближался к месту моего назначения. Вокруг меня, прижимаясь к самой дороге, зеленел лес, изредка уступая место полянам, поросшим желтой осокою. Солнце садилось уже который час, все никак не могло сесть и висело низко над горизонтом. 
52,Машина катилась по узкой дороге, засыпанной хрустящим гравием. Крупные камни я пускал под колесо, и каждый раз в багажнике лязгали и громыхали пустые канистры.
53,Справа из леса вышли двое, ступили на обочину и остановились, глядя в мою сторону. Один из них поднял руку. Я сбросил газ, их рассматривая. 
54,Это были, как мне показалось, охотники, молодые люди, может быть, немного старше меня. Их лица понравились мне, и я остановился. Тот, что поднимал руку, просунул в машину смуглое горбоносое лицо и спросил, улыбаясь
55,Все шло, как обычно. Машина тронулась. Горбоносый повернулся назад и оживленно заговорил о том, что много приятнее ехать в легковой машине, чем идти пешком. Бородатый невнятно соглашался и все хлопал и хлопал дверцей. 
56,Впереди я увидел большую россыпь камней, притормозил и сказал: «Держитесь крепче». Машина затряслась и запрыгала. Горбоносый ушиб нос о ствол ружья. Мотор взревывал, камни били в днище.
57,Мы въехали в город. Потянулись старинные крепкие заборы, мощные срубы из гигантских почерневших бревен, с неширокими окнами, с резными наличниками, с деревянными петушками на крышах. Попалось несколько грязных кирпичных строений с железными дверями, вид которых вынес у меня из памяти полузнакомое слово «лабаз».
58,Я включил указатель поворота, притормозил и свернул направо. Дорога здесь заросла травой, но у какой-то калитки стоял, приткнувшись, новенький «Запорожец». Номера домов висели над воротами, и цифры были едва заметны на ржавой жести вывесок. Переулок назывался изящно: «Лукоморье». 
59,Он был неширок и зажат между тяжелых старинных заборов, поставленных, наверное, еще в те времена, когда здесь шастали шведские и норвежские пираты.
60,Горбоносый вылез из машины и, нагнувшись, протиснулся в низкую калитку. За высоченным серым забором дома видно не было. Ворота были совсем уже феноменальные, как в паровозном депо, на ржавых железных петлях в пуд весом.
61,Я с изумлением читал вывески. Их было три. На левой воротине строго блестела толстым стеклом синяя солидная вывеска с серебряными буквами. “НИИЧАВО”,“изба на куриных ногах. Памятник соловецкой старины.”
62,Я вышел из машины и стал протирать ветровое стекло. Над головой у меня вдруг завозились. Я поглядел. На воротах умащивался, пристраиваясь поудобнее, гигантский – я таких никогда не видел – черно-серый, разводами, кот. 
63,Усевшись, он сыто и равнодушно посмотрел на меня желтыми глазами. «Кис-кис-кис», – сказал я машинально. Кот вежливо и холодно разинул зубастую пасть, издал сиплый горловой звук, а затем отвернулся и стал смотреть внутрь двора. 
64,Завизжал засов. Кот поднялся и бесшумно канул во двор. Ворота тяжело закачались, раздался ужасающий скрип и треск, и левая воротина медленно отворилась. Появилось красное от натуги лицо горбоносого.
65,Я вернулся в машину и медленно въехал во двор. Двор был обширный, в глубине стоял дом из толстых бревен, а перед домом красовался приземистый необъятный дуб, широкий, плотный, с густой кроной, заслоняющей крышу.
66,От ворот к дому, огибая дуб, шла дорожка, выложенная каменными плитами. Справа от дорожки был огород, а слева, посередине лужайки, возвышался колодезный сруб с воротом, черный от древности и покрытый мохом.
67,Хозяйке было, наверное, за сто. Она шла к нам медленно, опираясь на суковатую палку, волоча ноги в валенках с галошами. Лицо у нее было темно-коричневое; из сплошной массы морщин выдавался вперед и вниз нос, кривой и острый, как ятаган, а глаза были бледные, тусклые, словно бы закрытые бельмами.
68,Я поклонился, понимая, что нужно помалкивать. Голова бабки поверх черного пухового платка, завязанного под подбородком, была покрыта веселенькой капроновой косынкой с разноцветными изображениями Атомиума и с надписями на разных языках: «Международная выставка в Брюсселе».
69,На подбородке и под носом торчала редкая седая щетина. Одета была бабка в ватную безрукавку и черное суконное платье.
70,Роман поднял брови, закатил глаза, оскалил зубы и потряс головой, но все-таки вышел. Я осмотрелся. Мебели в комнате было немного. У окна стоял массивный стол, накрытый ветхой серой скатертью с бахромой, перед столом – колченогий табурет.
71,Возле голой бревенчатой стены помещался обширный диван, на другой стене, заклеенной разнокалиберными обоями, была вешалка с какой-то рухлядью.
72,В комнату вдавалась большая русская печь, сияющая свежей побелкой, а напротив в углу висело большое мутное зеркало в облезлой раме. Пол был выскоблен и покрыт полосатыми половиками.
73,Я подошел к окну и отдернул занавеску. За окном был дуб, больше ничего не было видно. Я стал смотреть на дуб. Это было, видимо, очень древнее растение. Кора была на нем серая и какая-то мертвая, а чудовищные корни, вылезшие из земли, были покрыты красным и белым лишайником.
74,На подоконнике лежала пухлая засаленная книга, я бездумно полистал ее, отошел от окна и сел на диван. И мне сейчас же захотелось спать. 
75,Я подумал, что вел сегодня машину четырнадцать часов, что не стоило, пожалуй, так торопиться, что спина у меня болит, а в голове все путается, что плевать мне, в конце концов, на эту нудную старуху, и скорей бы все кончилось и можно было бы лечь и заснуть...
76,Я вышел, на ходу вытаскивая сигареты. Солнце наконец село, и наступила белая ночь. Где-то лаяли собаки. Я присел под дубом на вросшую в землю скамеечку, закурил и стал смотреть на бледное беззвездное небо. 
77,Откуда-то бесшумно появился кот, глянул на меня флюоресцирующими глазами, затем быстро вскарабкался на дуб и исчез в темной листве. Я сразу забыл о нем и вздрогнул, когда он завозился где-то наверху.
78,На голову мне посыпался мусор. «Чтоб тебя...» – сказал я вслух и стал отряхиваться. Спать хотелось необычайно. Из дому вышла старуха, не замечая меня, побрела к колодцу. Я понял это так, что постель готова, и вернулся в комнату.
79,Вредная бабка постелила мне на полу. Ну уж нет, подумал я, запер дверь на щеколду, перетащил постель на диван и стал раздеваться. Сумрачный свет падал из окна, на дубе шумно возился кот.
80,Я замотал головой, вытряхивая из волос мусор. Странный это был мусор, неожиданный: крупная сухая рыбья чешуя. Колко спать будет, подумал я, повалился на подушку и сразу заснул.
81,Я проснулся посреди ночи оттого, что в комнате разговаривали. Разговаривали двое, едва слышным шепотом. Голоса были очень похожи, но один был немного сдавленный и хрипловатый, а другой выдавал крайнее раздражение.
82,Опять соседям не спится, подумал я спросонья. Я вообразил, что я дома. Дома у меня в соседях два брата-физика, которые обожают работать ночью. К двум часам пополуночи у них кончаются сигареты, и тогда они забираются ко мне в комнату и начинают шарить, стуча мебелью и переругиваясь.
83,Звук собственного голоса разбудил меня окончательно. Я сел. Уныло лаяли собаки, за стеной грозно храпела старуха. Я наконец вспомнил, где нахожусь. В комнате никого не было.
84,В сумеречном свете я увидел на полу свою подушку и барахло, рухнувшее с вешалки. Бабка голову оторвет, подумал я и вскочил. Пол был холодный, и я переступил на половики.
85,Бабка перестала храпеть. Я замер. Потрескивали половицы, что-то хрустело и шелестело в углах. Бабка оглушительно свистнула и захрапела снова. Я поднял подушку и бросил ее на диван.
86,От рухляди пахло псиной. Вешалка сорвалась с гвоздя и висела боком. Я поправил ее и стал подбирать рухлядь. Едва я повесил последний салоп, как вешалка оборвалась и, шаркнув по обоям, снова повисла на одном гвозде. Бабка перестала храпеть, и я облился холодным потом.
87,Где-то поблизости завопил петух. В суп тебя, подумал я с ненавистью. Старуха за стеной принялась вертеться, скрипели и щелкали пружины. Я ждал, стоя на одной ноге. Во дворе кто-то сказал тихонько: «Спать пора, засиделись мы сегодня с тобой». 
88,Я лег на правый бок, натянул одеяло на ухо, закрыл глаза и вдруг понял, что спать мне совершенно не хочется – хочется есть. Ай-яй-яй, подумал я. Надо было срочно принимать меры, и я их принял.
89,Вот, скажем, система двух интегральных уравнений типа уравнений звездной статистики; обе неизвестные функции находятся под интегралом. Решать, естественно, можно только численно, скажем, на БЭСМе...
90,Я вспомнил нашу БЭСМ. Панель управления цвета заварного крема. Женя кладет на эту панель газетный сверток и неторопливо его разворачивает.
91,С польской полукопченой, кружочками. «Эх ты, жениться надо! У меня котлеты, с чесночком, домашние. И соленый огурчик». Нет, два огурчика... Четыре котлеты и для ровного счета четыре крепких соленых огурчика. И четыре куска хлеба с маслом...
92,Я откинул одеяло и сел. Может быть, в машине что-нибудь осталось? Нет, все, что там было, я съел. Осталась поваренная книга для Валькиной мамы, которая живет в Лежневе. Как это там... Соус пикан. Полстакана уксусу, две луковицы... и перчик.
93,Подается к мясным блюдам... Как сейчас помню: к маленьким бифштексам. Вот подлость, подумал я, ведь не просто к бифштексам, а к ма-а-аленьким бифштексам. Я вскочил и подбежал к окну.
94,В ночном воздухе отчетливо пахло ма-а-аленькими бифштексами. Откуда-то из недр подсознания всплыло: «Подавались ему обычные в трактирах блюда, как-то: кислые щи, мозги с горошком, огурец соленый и вечный слоеный сладкий пирожок...». Отвлечься бы, подумал я и взял книгу с подоконника.
95,Это был Алексей Толстой, «Хмурое утро». Я открыл наугад. «Махно, сломав сардиночный ключ, вытащил из кармана перламутровый ножик с полусотней лезвий и им продолжал орудовать, открывая жестянки с ананасами, французским паштетом, с омарами, от которых резко запахло по комнате».
96,Я осторожно положил книгу и сел за стол на табурет. В комнате вдруг обнаружился вкусный резкий запах: должно быть, пахло омарами. Я стал размышлять, почему я до сих пор ни разу не пробовал омаров. Или, скажем, устриц. 
97,У Диккенса все едят устриц, орудуют складными ножами, отрезают толстые ломти хлеба, намазывают маслом... Я стал нервно разглаживать скатерть. На скатерти виднелись неотмытые пятна.
98,На ней много и вкусно ели. Ели омаров и мозги с горошком. Ели маленькие бифштексы с соусом пикан. Большие и средние бифштексы тоже ели. Сыто отдувались, удовлетворенно цыкали зубом... Отдуваться мне было не с чего, и я принялся цыкать зубом.
99,Наверное, я делал это громко и голодно, потому что старуха за стеной заскрипела кроватью, сердито забормотала, загремела чем-то и вдруг вошла ко мне в комнату.
100,На ней была длинная серая рубаха, а в руках она несла тарелку, и в комнате сейчас же распространился настоящий, а не фантастический аромат еды. Старуха улыбалась. Она поставила тарелку прямо передо мной и сладко пробасила.
101,Дорога на юг ужасна. Извилистая, узкая, бугристая бетонка, неприятный встречный ветер, солнце в глаза и большие полуприцепы навстречу.
102,Многие люди, особенно этот психоаналитик, который бывает тут в санатории, меня спрашивают, буду ли я стараться, когда поступлю осенью в школу. По-моему, это удивительно глупый вопрос. Откуда человеку заранее знать, что он будет делать? Ничего нельзя знать заранее!
103,Художник смотрел на прекрасного юношу, с таким искусством отображенного им на портрете, и довольная улыбка не сходила с его лица. Но вдруг он вскочил и, закрыв глаза, прижал пальцы к векам, словно желая удержать в памяти какой-то удивительный сон и боясь проснуться.
104,Войдя в комнату, они увидели на стене великолепный портрет своего хозяина во всем блеске его дивной молодости и красоты.
105,Я достал из ящика лист бумаги и начал вспоминать. Детские годы, школа… Это было слишком давно и уже как-то неправдоподобно. Настоящая жизнь началась только в 1916 году.
106,Другой, получивший широкое распространение в Южной Корее способ делового общения это совместная игра в гольф. Ударили по разу по мячу, а потом не спеша идете вместе и обсуждаете дела.
107,Как показали исследования, две трети учеников старших классов в Южной Корее спят менее пяти часов в день. Четверо из пятерых опрошенных признались, что днем их постоянно клонит в сон. А у 84% старшеклассников выявляются регулярные нарушения сна.
108,Корейцы постоянно учатся. Это действительно тот процесс, который большинство жителей Страны утренней свежести прекращают лишь со смертью. 
109,В корейском языке есть слово «буфет». Это не привычный нам предмет мебели или небольшая закусочная, а то, что у нас называют шведским столом.
110,Люди хотят получить ответы на серьезные вопросы – например, почему мы здесь. Никто не ждет, что ответ будет простым, поэтому все готовы приложить к нему некоторые усилия.
111,Согласно идее о безграничности Вселенной, задавать вопрос о том, что было до Большого взрыва, так же бессмысленно, как спрашивать, где юг на Южном полюсе.
112,Когда я был на Дальнем Востоке, меня попросили не упоминать о Большом сжатии, опа- саясь, что это может повлиять на состояние рынков. Но рынки рухнули: возможно, потому, что информация каким-то образом все равно просочилась.
113,Говорят, если хотите узнать настоящую Азию – идите не в музеи и дворцы а на местные рынки. В отношении Кореи это утверждение тоже вполне справедливо. 
114,Ему не было еще сорока, но у него была уже дочь двенадцати лет и два сына-гимназиста. Его женили рано, когда он был еще студентом второго курса, и теперь жена казалась в полтора раза старше его.
115,После обеда вышли из ярко и горячо освещенной столовой на палубу и остановились у поручней. Она закрыла глаза, ладонью наружу приложила руку к щеке, засмеялась простым прелестным смехом
116,Разбежавшийся пароход с мягким стуком ударился в тускло освещенную пристань, и они чуть не упали друг на друга. Над головами пролетел конец каната, потом понесло назад, и с шумом закипела вода, загремели сходни...
117,Улица была совершенно пуста. Дома были все одинаковые, белые, двухэтажные, купеческие, с большими садами, и казалось, что в них нет ни души. 
118,Он вернулся в гостиницу настолько разбитый усталостью, точно совершил огромный переход где-нибудь в Туркестане, в Сахаре. Он, собирая последние силы, вошел в свой большой и пустой номер.
119,Когда спустились к пристани, уже синела над Волгой синяя летняя ночь, и уже много разноцветных огоньков было рассеяно по реке, и огни висели на мачтах подбегающего парохода.
120,Он пошел в собор, где пели уже громко, весело и решительно, с сознанием исполненного долга, потом долго шагал, кружил по маленькому, жаркому и запущенному садику на обрыве горы, над неоглядной светло-стальной ширью реки...
121,Рано утром, еще до света, был пробужден Алеша.
122,Он был в полной памяти; лицо же его было хотя и весьма утомленное, но ясное, почти радостное, а взгляд веселый, приветливый, зовущий.
123,«Может, и не переживу наступившего дня сего», – сказал он Алеше; затем возжелал исповедаться и причаститься немедленно
124,Наступил меж тем день. Стали приходить и из монастыря.
125,Когда кончилась служба, старец со всеми возжелал проститься и всех целовал.
126,Он говорил и учил сколько мог, голос его, хоть и слабый, был еще довольно тверд.
127,Столько лет учил вас и, стало быть, столько лет вслух говорил, что как бы и привычку взял говорить, а говоря, вас учить
128,Алеша упомнил потом кое-что из того, что он тогда сказал. Но хоть и внятно говорил, и хоть и голосом достаточно твердым, но речь его была довольно несвязна.
129,Говорил он о многом, казалось, хотел бы все сказать, все высказать еще раз, пред смертною минутой
130,Греха своего не бойтесь, даже и сознав его, лишь бы покаяние было, но условий с Богом не делайте. 
131,Старец, впрочем, говорил отрывочнее, чем здесь было изложено и как записал потом Алеша.
132,Иногда он пресекал говорить совсем, как бы собираясь с силами, задыхался, но был как бы в восторге.
133,Слушали его с умилением, хотя многие и дивились словам его и видели в них темноту…
134,Потом все эти слова вспомнили.
135,Ожидание было между иными почти тревожное, у других торжественное.\
136,Дело было вот в чем. Когда профессор приблизил свой гениальный глаз к окуляру, он впервые в жизни обратил внимание на то, что в разноцветном завитке особенно ярко и жирно выделялся один луч.
137,В нем, в луче, профессор разглядел то, что было в тысячу раз значительнее и важнее самого луча, непрочного дитяти, случайно родившегося при движении зеркала и объектива микроскопа
138,Сколько уже времени он с этими «пустышками» бьется, и, по-моему, без всякой пользы для человечества. На его месте я давным-давно бы уже плюнул и чем-нибудь другим занялся за те же деньги.
139,Я у него с самого начала, но до сих пор не понимаю толком, чего он от них добивается, да, честно говоря, и понять особенно не стремлюсь. Пусть он сначала сам поймет, сам разберется, вот тогда я его, может быть, послушаю.
140,И вот тогда станет ему все понятно, будет ему честь и хвала, и вся мировая наука аж содрогнется от удовольствия. Но покуда, как я понимаю, до этого еще очень далеко. Ничего он покуда не добился, замучился только вконец, серый какой-то стал
141,Я сначала его не понял, подумал сначала, что он ее еще где-нибудь купить рассчитывает, да только где ее такую купишь, может быть, она всего одна такая на свете, да и денег у него на это не хватило бы.
142,Так вот посмотришь на нее – земля как земля. Солнце на нее как на всю остальную землю светит, и ничего вроде бы на ней не изменилось, все вроде бы как тринадцать лет назад.
143,Я приближался к месту моего назначения. Вокруг меня, прижимаясь к самой дороге, зеленел лес, изредка уступая место полянам, поросшим жёлтой осокою.
144,Солнце садилось уже который час, всё никак не могло сесть и висело низко над горизонтом. Машина катилась по узкой дороге, засыпанной хрустящим гравием. Крупные камни я пускал под колесо, и каждый раз в багажнике лязгали и громыхали пустые канистры. 
145,Справа из леса вышли двое, ступили на обочину и остановились, глядя в мою сторону. Один из них поднял руку. Я сбросил газ, их рассматривая. Это были, как мне показалось, охотники, молодые люди, может быть, немного старше меня. Их лица понравились мне, и я остановился. 
146,Второй, с рыжей бородой и без усов, тоже улыбнулся, выглядывая из-за его плеча. Положительно, это были б приятные люди.
147,-Давайте садитесь, – сказал я. - Один вперёд, другой назад, а то у меня там барахло, на заднем сиденье. -Благодетель! - обрадованно произнёс горбоносый, снял с плеча ружьё и сел рядом со мной. Бородатый, нерешительно заглядывая в заднюю дверцу, сказал: -А можно я здесь немножко того?..
148,Я перегнулся через спинку и помог ему расчистить место, занятое спальным мешком и свёрнутой палаткой. Он деликатно уселся, поставив ружьё между колен. -Дверцу прикройте получше, - сказал я.  Всё шло, как обычно. Машина тронулась. Горбоносый повернулся назад и оживлённо заговорил о том, что много приятнее ехать в легкой (легковой) машине, чем идти пешком. 
149,«Плащ подберите, – посоветовал я, глядя на него в зеркало заднего вида. – У вас плащ защемляется». Минут через пять всё наконец устроилось. Я спросил: «До Соловца километров десять?» – «Да, – ответил горбоносый. – Или немножко больше. Дорога, правда, неважная – для грузовиков». 
150,– «Дорога вполне приличная, – возразил я. – Мне обещали, что я вообще не проеду». – «По этой дороге даже осенью можно проехать». – «Здесь – пожалуй, но вот от Коробца – грунтовая». – «В этом году лето сухое, всё подсохло». – «Под Затонью, говорят, дожди» 
151,«Кто это говорит?» – спросил горбоносый. «Мерлин говорит». Они почему-то засмеялись. Я вытащил сигареты, закурил и предложил им угощаться. «Фабрика Клары Цеткин, – сказал горбоносый, разглядывая пачку. – Вы из Ленинграда?» – «Да». 
152,– «Путешествуете?» – «Путешествую, – сказал я. – А вы здешние?» – «Коренные», – сказал горбоносый. «Я из Мурманска», – сообщил бородатый. «Для Ленинграда, наверное, что Соловец, что Мурманск – одно и то же: Север» 
153,«Нет, почему же», – сказал я вежливо. «В Соловце будете останавливаться?» – спросил горбоносый. «Конечно, – сказал я. – Я в Соловец и еду». – «У вас там родные или знакомые?» – «Нет, – сказал я. – Просто подожду ребят. Они идут берегом, а Соловец у нас – точка рандеву». 
154,Впереди я увидел большую россыпь камней, притормозил и сказал: «Держитесь крепче». Машина затряслась и запрыгала. Горбоносый ушиб нос о ствол ружья. Мотор взрёвывал, камни били в днище. 
155,«Бедная машина», – сказал горбоносый. «Что делать…» – сказал я. «Не всякий поехал бы по такой дороге на своей машине». – «Я бы поехал», – сказал я.
156,Россыпь кончилась. «А, так это не ваша машина», – догадался горбоносый. «Ну, откуда у меня машина! Это прокат». – «Понятно», – сказал горбоносый, как мне показалось, разочарованно.
157,Я почувствовал себя задетым. «А какой смысл покупать машину, чтобы разъезжать по асфальту? Там, где асфальт, ничего интересного, а где интересно, там нет асфальта».
158,«конечно», – вежливо согласился горбоносый. «Глупо, по-моему, делать из машины идола», – заявил я. «Глупо, – сказал бородатый. – Но не все так думают».
159,Мы поговорили о машинах и пришли к выводу, что если уж покупать что-нибудь, так это «ГАЗ-69», вездеход, но их, к сожалению, не продают.
160,Потом горбоносый спросил: «А где вы работаете?» Я ответил. «Колоссально! – воскликнул горбоносый. – Программист! Нам нужен именно программист. Слушайте, бросайте ваш институт и пошлите к нам! – «А что у вас есть?» – «А что у нас есть?»
161,«у нас есть?» – спросил горбоносый поворачиваясь. «Алдан-3», – сказал бородатый. «Богатая машина, – сказал я. – И хорошо работает?» – «Да как вам сказать…» – «Понятно», – сказал я. «Собственно, её ещё не отладили, – сказал бородатый. – Оставайтесь у нас, отладите…»
162,– «А перевод мы вам в два счёта устроим», – добавил горбоносый. «А чем вы занимаетесь?» – спросил я. «Как и вся наука, – сказал горбоносый. – Счастьем человечества».
163,Плаксивость, сентиментальность, раздражительность перешли в депрессию с истерикой и агрессией. Снизился интеллект. Музыка и книги перестали ей быть интересны. В дом стал стаскиваться хлам с помоек.
164,(он) застрелился, когда это понял. Электротерапия убила в нём способность писать и радоваться жизни. Под угрозой Альцгеймера думал об эвтаназиии, и, я их отлично понимаю. Физические страдания окружающие способны понять и где-то разделить.
165,Прошло уже очень много лет, но его лицо в очках с роговой оправой, обезображенное безумным оскалом, копна взъерошенных кучерявых седеющих волос, бирюзовая футболка и джинсы.
166,Январь месяц. На улице снега выпало по колено, а мне неделю как исполнилось 13 лет. Сижу вечером дома, смотрю телевизор, сушу одежду, в которой днём валялся в снегу. Жил я тогда с папой и он почти весь день не был дома: то бабушке помог(ал).
167,Смерть, из всех человеческих страшилок, далеко не самая худшая, об этом я уже писал. Болезнь, страдание, унижение, потеря близких - в мире полно вещей, по сравнению с которыми смерть выглядит ответом на семь (бед)
168,Письмо на бланке лежало на ночном столике в круге света от лампы, и рядом стояла спутница раздражительной бессонницы, с щетиной окурков, пепельница.
169,Я приоткрыл дверь в столовую. лицо сиделки глянуло на меня из темноты, и я разглядел сразу, что оно бледно, что глаза расширены, взбудоражены
170,Человек без шляпы, в серых парусиновых брюках, кожаных сандалиях, надетых по-монашески на босу ногу, и белой сорочке без воротничка, пригнув голову, вышел из низенькой калитки дома № 16
171,В то беспокойное время все сделанное руками человеческими служило хуже, чем раньше: дома не спасали от холода, еда не насыщала
172,Быть может, эмигранту, обезумевшему от продажи газет среди асфальтовых полей Парижа, вспоминается российский проселок очаровательной подробностью родного пейзажа
173,Было нечто удивительно фальшивое в том, что он отечески держал руку на плече этого мальчишки
174,Здесь было много фонарей, и попадались прохожие, торопливые, согнутые многодневным дождем мужчины и женщины
175,Здесь были освещенные витрины, и озаренный неоновым светом вход в кинотеатр, где под навесом толпились очень одинаковые молодые люди неопределенного пола, в блестящих плащах до пяток
176,Молодой человек опять пришел с портфелем, портфель поставил на свободное место, рядом с собой
177,Продиктовав заказ официанту, они стали молча глядеть в пространство
178,Взвыл двигатель, захлопнулись двери, и огромный пустой автобус укатил обратно в город
179,Все счастливые семьи похожи друг на друга, каждая несчастливая семья несчастлива по-своему. Все смешалось в доме Облонских. Жена узнала, что муж был в связи с бывшею в их доме француженкою-гувернанткой, и объявила мужу, что не может жить с ним в одном доме. Положение это продолжалось уже третий день и мучительно чувствовал(ось)
180,Степан Аркадьич получал и читал либеральную газету, не крайнюю, но того направления, которого держалось большинство. И, несмотря на то, что ни наука, ни искусство, ни политика, собственно, не интересовали его, он твердо держался тех взглядов на все эти предметы, каких держалось большинство и его газета, и изменял их, только когда большинство изменяло их, или, лучше сказать, не изменял их, а они сами в нем незаметно изменялись.
181,Услыхав шаги мужа, она остановилась, глядя на дверь и тщетно пытаясь придать своему лицу строгое и презрительное выражение.
182,Поцеловав его, наконец, в покрасневшее от наклоненного положения и сияющее нежностью лицо, девочка разняла руки и хотела бежать назад; но отец удержал ее.
183,Он сознавал, что меньше любил мальчика, и всегда старался быть ровен; но мальчик чувствовал это и не ответил улыбкой на холодную улыбку отца.
184,Девочка знала, что между отцом и матерью была ссора, и что мать не могла быть весела, и что отец должен знать это, и что он притворяется, спрашивая об этом так легко. И она покраснела за отца.
185,Он достал с камина, где вчера поставил, коробочку конфет и дал ей две, выбрав ее любимые, шоколадную и помадную.
186,Степан Аркадьич взял шляпу и остановился, припоминая, не забыл ли чего. Оказалось, что он ничего не забыл, кроме того, что хотел забыть, – жену.
187,Эту глупую улыбку он не мог простить себе. Увидав эту улыбку, Долли вздрогнула, как от физической боли, разразилась, со свойственною ей горячностью, потоком жестоких слов и выбежала из комнаты. С тех пор она не хотела видеть мужа.
188,Ему даже казалось, что она, истощенная, состарившаяся, уже некрасивая женщина и ничем не замечательная, простая, только добрая мать семейства, по чувству справедливости должна быть снисходительна.
189,Ответа не было, кроме того общего ответа, который дает жизнь на все самые сложные и неразрешимые вопросы. Ответ этот: надо жить потребностями дня, то есть забыться.
190,Вместо того чтоб оскорбиться, отрекаться, оправдываться, просить прощения, оставаться даже равнодушным – все было бы лучше того, что он сделал! – его лицо совершенно невольно («рефлексы головного мозга», – подумал Степан Аркадьич, который любил физиологию), совершенно невольно вдруг улыбнулось привычною, доброю и потому глупою улыбкой.
191,Может быть, он сумел бы лучше скрыть от неё свои грехи, если б ожидал, что это известие так на нее подействует.
192,Глаза Степана Аркадьича весело заблестели, и он задумался, улыбаясь. «Да, хорошо было, очень хорошо. Много еще что-то там было отличного, да не скажешь словами и мыслями даже наяву не выразишь». И, заметив полосу света, пробившуюся сбоку одной из суконных стор, он весело скинул ноги с дивана, отыскал ими шитые женой (подарок ко дню рождения в прошлом году), обделанные в золотистый сафьян туфли, и по старой, девятилетней привычке, не вставая, потянулся рукой к тому месту, где в спальне у него висел халат. И тут он вспомнил вдруг, как и почему он спит не в спальне жены, а в кабинете; улыбка исчезла с его лица, он сморщил лоб
193,Положение это продолжалось уже третий день и мучительно чувствовалось и самими супругами, и всеми членами семьи, и домочадцами. Все члены семьи и домочадцы чувствовали, что нет смысла в их сожительстве и что на каждом постоялом дворе случайно сошедшиеся люди более связаны между собой, чем они, члены семьи и домочадцы Облонских
194,Жена не выходила из своих комнат, мужа третий день не было дома. Дети бегали по всему дому, как потерянные; англичанка поссорилась с экономкой и написала записку приятельнице, прося приискать ей новое место; повар ушел вчера со двора, во время самого обеда; черная кухарка и кучер просили расчета.
195,Неприятнее всего была та первая минута, когда он, вернувшись из театра, веселый и довольный, с огромною грушей для жены в руке, не нашел жены в гостиной; к удивлению, не нашел ее и в кабинете и, наконец, увидал ее в спальне с несчастною, открывшею все, запиской в руке.
196,И при этом воспоминании, как это часто бывает, мучало Степана Аркадьича не столько самое событие, сколько то, как он ответил на эти слова жены
197,Она была довольна, счастлива детьми, я не мешал ей ни в чем, предоставлял ей возиться с детьми, с хозяйством, как она хотела. Правда, нехорошо, что она была гувернанткой у нас в доме. Нехорошо
198,Лес этот необходимо было продать; но теперь, до примирения с женой, не могло быть о том речи. Всего же неприятнее тут было то, что этим подмешивался денежный интерес в предстоящее дело его примирения с женою.
199,Степан Аркадьич сел, прочел письма. Одно было очень неприятное – от купца, покупавшего лес в имении жены.
200,Одевшись, Степан Аркадьич прыснул на себя духами, вытянул рукава рубашки, привычным движением рассовал по карманам папиросы, бумажник, спички, часы с двумя цепочками и брелоками и, встряхнув платок, чувствуя себя чистым, душистым, здоровым и физически веселым, несмотря на свое несчастье, вышел, слегка подрагивая на каждой ноге, в столовую, где уже ждал его кофей и, рядом с кофеем, письма и бумаги из присутствия.
201,Разорвав телеграмму, он прочел ее, догадкой поправляя перевранные, как всегда, слова, и лицо его просияло.
202,Матвей положил руки в карманы своей жакетки, отставил ногу и молча, добродушно, чуть-чуть улыбаясь, посмотрел на своего барина.
203,Они бросили шкатулку, представлявшую поезд, и вошли к отцу.
204,Да! она не простит и не может простить. И всего ужаснее то, что виной всему я, виной я, а не виноват. В этом-то вся драма, — думал он. — Ах, ах, ах!» — приговаривал он с отчаянием, вспоминая самые тяжелые для себя впечатления из той ссоры.
205,Степан Аркадьич ничего не ответил и только в зеркало взглянул на Матвея; во взгляде, которым они встретились в зеркале, видно было, как они понимают друг друга. Взгляд Степана Аркадьича как будто спрашивал: «Это зачем ты говоришь? разве ты не знаешь?»
206,Степан Аркадьич уже был умыт и расчесан и сбирался одеваться, когда Матвей, медленно ступая поскрипывающими сапогами по мягкому ковру, с телеграммой в руке, вернулся в комнату. Цирюльника уже не было.
207,Он опустил голову, и красивое лицо его приняло тоскливое выражение
208,Он не мог раскаиваться в том, что он, тридцатичетырехлетний, красивый, влюбчивый человек, не был влюблен в жену, мать пяти живых и двух умерших детей, бывшую только годом моложе его.
209,С ним случилось в эту минуту то, что случается с людьми, когда они неожиданно уличены в чем-нибудь слишком постыдном. Он не сумел приготовить свое лицо к тому положению, в которое он становился пред женой после открытия его вины. 
210,Он раскаивался только в том, что не умел лучше скрыть от жены.
211,Девочка, любимица отца, вбежала смело, обняла его и, смеясь, повисла у него на шее, как всегда, радуясь на знакомый запах духов, распространявшийся от его бакенбард.
212,На третий день после ссоры князь Степан Аркадьич Облонский — Стива, как его звали в свете, — в обычный час, то есть в восемь часов утра, проснулся не в спальне жены, а в своем кабинете, на сафьянном диване.
213,Она, эта вечно озабоченная, и хлопотливая, и недалекая, какою он считал ее, Долли, неподвижно сидела с запиской в руке и с выражением ужаса, отчаяния и гнева смотрела на него.
214,Но эта радостная улыбка сейчас же напомнила ему все, и он задумался.
215,Она чувствовала, что боится его и боится предстоящего свидания.
216,Окончив газету, вторую чашку кофе и калач с маслом, он встал, стряхнул крошки калача с жилета и, расправив широкую грудь, радостно улыбнулся, не оттого, чтоб у него на душе было что-нибудь особенно приятное, – радостную улыбку вызвало хорошее пищеварение.
217,Он повернул свое полное, выхоленное тело на пружинах дивана, как бы желая опять заснуть надолго, с другой стороны крепко обнял подушку и прижался к ней щекой; но вдруг вскочил, сел на диван и открыл глаза.
218,Она все еще говорила, что уедет от него, но чувствовала, что это невозможно; это было невозможно потому, что она не могла отвыкнуть считать его своим мужем и любить его.
219,Бабушка ругала его за то, что он уговорил внука кататься
220,У Лукоморья дуб зелёный, златая цепь на дубе том и днём и ночью кот учёный всё ходит по цепи кругом
221,Забыться сном уже нельзя, по крайней мере до ночи, нельзя уже вернуться к той музыке, которую пели графинчики-женщины; стало быть, надо забыться сном